need_scale,distance,desire,last_receiving_date,result
3,27.4634633,7,32.26714899,0.992367359
8,26.67342149,2,41.26907562,0.973334086
3,29.17671395,9,21.91900852,0.995238828
9,41.94979003,3,12.58936035,0.92061519
5,32.5604337,9,38.23912338,0.998317338
5,3.621273183,2,41.24402713,0.976241736
3,26.99836004,2,26.69692298,0.890870598
1,21.60482281,0,10.80187355,0.537721183
5,14.36345453,2,43.91205456,0.973532592
8,42.52238449,1,18.24998816,0.824764517
1,33.31122005,5,32.9883149,0.970132413
8,18.0939536,6,42.44184547,0.997148897
3,3.969309338,10,44.3219632,0.999519373
7,21.87716599,3,6.916787056,0.910832154
9,28.73122591,2,38.36320429,0.971737569
4,40.56309658,1,26.95815507,0.80775637
6,13.29546389,8,41.19990752,0.998636893
8,41.92437808,4,40.9923535,0.984937423
10,23.09139308,5,17.87482092,0.986375813
3,0.37436149,6,3.259389752,0.972906537
10,21.95665592,8,42.20655463,0.999077791
7,33.33140604,1,29.95445305,0.902142158
8,16.23004518,5,20.45175631,0.987000927
7,16.27677682,5,11.97982442,0.975908082
7,9.364906333,3,25.24249224,0.972842627
5,22.83098537,2,38.22730823,0.956392004
5,34.36157259,2,31.89634353,0.924121879
10,2.890017997,7,2.65328896,0.993489941
4,1.843478042,3,8.370769282,0.923366173
2,15.13330617,1,26.61335895,0.855135545
1,6.722839094,5,40.70920094,0.988719809
4,33.83428848,8,22.6641841,0.992764003
7,14.57531425,4,41.26473194,0.991911171
5,11.52059704,5,33.99749985,0.990958998
5,3.396198351,5,32.10460069,0.99180539
8,33.49636825,4,36.87665109,0.98556908
9,29.38322385,4,5.565531323,0.948032711
1,39.12138905,1,40.59635765,0.843814045
1,0.111433529,6,8.492950883,0.972566384
2,36.46131357,4,38.27113398,0.965958915
2,12.83431431,0,10.85215996,0.625391317
9,16.93787635,9,0.426164741,0.99584568
5,3.618640108,2,23.71690679,0.945813596
1,2.105943392,9,6.919446938,0.993221115
10,38.48802402,2,38.9472153,0.970834155
6,14.15907782,8,28.56750282,0.997344197
4,16.50606391,7,14.46579876,0.987951756
8,25.72072952,3,18.54201859,0.952878353
10,37.28066102,0,23.73561481,0.851141309
8,3.844621659,3,39.26639632,0.989772553
3,26.6575694,9,25.23053487,0.996294792
8,33.90331622,8,26.90055789,0.996680987
5,35.76848282,7,39.7564466,0.995252013
1,8.010235758,0,7.228073076,0.576583477
7,38.32999536,3,41.96563518,0.975127106
3,12.20188497,2,36.57156426,0.95062549
2,10.8256463,3,34.11064206,0.963143801
2,0.171245008,9,3.278504187,0.992891694
5,26.46108959,5,30.08747885,0.983202739
5,23.3336694,5,17.22800313,0.970451587
1,9.038531478,10,13.65999057,0.996363751
1,19.59244735,10,30.85435583,0.997883627
2,14.52558843,9,13.99840452,0.993958402
10,16.65006164,9,4.795040722,0.996937078
10,26.17812958,1,22.49253094,0.923088252
8,5.821663276,6,18.27974698,0.992966138
1,3.428967522,0,34.29983296,0.853547417
9,26.81229284,7,36.35111108,0.997642997
7,23.72683732,2,4.064255645,0.839560853
8,12.01424866,0,25.65808636,0.899129941
3,43.41294776,2,1.652656846,0.608645803
2,5.001838248,4,18.77516405,0.956657387
10,6.72970992,5,3.236593554,0.98137713
5,15.54185141,5,25.35237184,0.983451469
1,2.464248729,9,31.7325178,0.998011754
10,33.26381217,10,36.04698813,0.999376632
5,43.42976985,9,7.139599641,0.989447747
9,3.631051816,5,33.42321285,0.995670021
6,22.31347578,6,35.00931765,0.993945241
5,43.82600754,8,33.38410777,0.995449464
5,4.812298629,5,33.31651948,0.991491038
4,1.562242442,9,0.602189972,0.993989713
10,11.63238118,2,33.34100495,0.980562322
7,1.81305632,4,10.78747631,0.970998457
10,8.73522718,6,27.10458525,0.996421308
10,26.96335617,5,8.040117594,0.976182082
3,16.84741805,1,3.729410103,0.672200647
3,16.01320762,0,38.73446735,0.881259169
7,6.053285648,0,17.20061599,0.852537284
3,3.137054852,8,41.03805474,0.998473351
7,33.10486855,5,15.0309626,0.969650754
7,20.46790078,3,0.618681028,0.885657347
1,5.10632297,3,10.80095733,0.88720931
9,41.67195272,9,10.40186643,0.995007278
2,41.14040959,6,17.51224675,0.957285288
7,17.62950709,8,29.10676242,0.997601032
8,7.472546644,9,42.27987328,0.999529137
2,8.019238345,5,22.07447776,0.976343351
8,7.693156564,7,34.07039672,0.998029171
7,41.59107799,1,24.98083545,0.853024689
2,14.39538198,3,21.59234431,0.923738521
6,27.05917894,9,25.36788702,0.997551873
6,23.73089381,0,14.76452622,0.74175898
10,16.05089889,7,16.79448487,0.995497952
10,18.31345737,7,6.504886765,0.992469487
5,16.85937499,8,17.89909607,0.994505357
5,34.70373012,8,4.237586911,0.983315311
3,31.87717584,10,5.569558451,0.992864608
9,19.33071549,6,23.54783629,0.993859049
7,21.11237822,1,4.045474233,0.771287865
7,35.82191741,4,33.92545358,0.979154297
6,22.75949996,9,24.23207478,0.99750475
5,42.98805054,6,38.50454664,0.990482545
10,34.72873624,5,3.691829069,0.964558943
1,21.47952226,6,7.025011015,0.94963744
2,31.32279922,9,14.90769636,0.991570945
7,6.170006415,7,26.63969811,0.996907982
10,30.45628588,3,31.28739772,0.979213874
8,40.54739966,9,44.72817443,0.999055283
5,41.82798328,5,40.60851623,0.985973508
5,31.20144395,9,30.19762765,0.997451787
10,7.305154931,1,41.14203329,0.979468341
8,32.23388177,2,31.88798397,0.953587928
10,2.825194802,2,18.95598817,0.966346275
6,42.71412694,2,23.92894331,0.881949696
9,13.33298373,1,44.40436275,0.977385291
7,21.32802269,8,30.82211063,0.997550644
7,28.87353315,3,6.048087071,0.895195643
5,3.73849597,4,40.93616293,0.990723887
5,17.34292659,10,4.157102997,0.996069395
8,37.90786142,7,3.967521097,0.981370944
3,43.69370387,1,39.71895337,0.86450417
3,30.72794394,3,1.672249156,0.779292889
10,17.84162643,1,45.25646904,0.978733012
3,16.76031904,3,2.948676814,0.841415808
8,12.62356991,10,33.19971634,0.999436211
1,9.278947606,5,22.70467057,0.972855881
8,19.02144017,0,22.21664395,0.860959758
6,1.514123428,3,18.79058828,0.963818972
7,16.11820001,9,33.29478168,0.998953257
1,11.58296366,2,40.04753543,0.946923107
4,0.451569888,5,21.14252618,0.984250788
10,34.36046004,2,28.7124449,0.95659476
1,38.8350989,1,15.07623365,0.606161692
7,38.1294937,10,38.98562236,0.999135779
8,23.57717506,9,36.28527645,0.999039686
9,5.891549449,5,24.98693036,0.99264913
5,43.59730364,0,33.75144726,0.797752516
3,36.88711333,1,20.74602555,0.741824128
3,23.22584077,2,14.29804813,0.830631805
2,1.224931641,3,22.42814532,0.94757987
7,3.284021607,0,27.11075128,0.910524477
5,35.49076023,4,14.43250582,0.928556921
2,25.26351334,1,43.86601773,0.913500296
6,44.12122397,7,25.83405899,0.989763829
8,4.60956122,5,31.4156071,0.994472699
3,17.09161766,5,41.86383632,0.989869448
3,40.38284915,1,37.73859287,0.860549207
5,33.44595286,6,18.34196129,0.978619919
10,33.53510681,9,40.37862428,0.999233323
8,15.04952213,3,20.36348964,0.965041021
4,13.3639755,8,13.41936539,0.992701976
9,37.9101381,1,36.74045423,0.940557449
2,36.1929907,10,5.342036955,0.990433603
3,41.08101942,4,22.18918997,0.925784141
7,24.13853313,4,18.89492297,0.967854708
4,17.22478082,2,40.54850453,0.961407571
8,32.65691877,2,4.527052278,0.83275365
1,35.74772633,4,13.85325339,0.875687918
10,21.31577743,6,15.64749049,0.991686747
9,43.07796806,4,13.1575984,0.94844216
7,39.93842129,10,27.25686211,0.998277325
4,29.44609757,6,34.8869192,0.990546818
8,37.72265677,9,6.779099199,0.994133195
2,41.33346825,6,31.235716,0.979437653
10,27.09147617,3,10.1400636,0.944194854
9,20.14347436,7,4.899875018,0.989895588
7,20.64867112,5,40.40368504,0.993416285
1,0.790188668,8,5.714612752,0.987604914
7,34.88331125,9,24.99909499,0.99726523
5,40.67007101,0,35.98774346,0.817707021
9,28.96148706,2,35.96244336,0.968062946
5,41.18821699,0,14.5605219,0.610259666
2,1.808163646,9,16.31771251,0.996083986
3,3.004778237,1,17.9343454,0.85294403
5,6.453683198,2,21.46757785,0.935894611
4,35.44025249,9,7.810147779,0.990371631
7,30.26264815,5,11.24234557,0.965881097
9,39.45739162,5,34.84518547,0.990015802
9,23.2145443,3,31.66638478,0.979400554
1,15.72462375,0,12.16628697,0.590723769
1,39.15226343,6,37.44270356,0.982529995
2,41.17502808,8,11.65715465,0.979645317
9,2.750606853,9,8.071303154,0.997870907
9,30.64026597,6,29.69233934,0.993760714
10,44.01094258,1,34.98004944,0.93398671
9,38.39072485,10,8.923335017,0.997049919
4,29.31777822,2,0.59962637,0.710566799
8,35.05722562,8,40.30468302,0.998226319
1,5.337198491,5,11.56066459,0.95558512
8,29.36587414,2,2.011842117,0.824370833
10,5.019745124,3,23.47204531,0.98321225
6,24.35985452,7,3.730363113,0.982206441
4,0.725428288,0,11.09744831,0.757200883
8,41.31990262,0,33.68689517,0.864710218
2,37.7803379,10,6.988164348,0.991278551
1,2.416392349,5,14.32021996,0.964998896
4,12.22974037,0,32.73858224,0.873920115
8,43.67992324,8,1.560771739,0.985483171
3,44.05426036,6,23.84175427,0.971401996
5,4.256527056,2,41.55902442,0.975745505
6,10.83982027,2,28.57431173,0.955454737
6,3.30516954,4,14.63493322,0.972630709
10,15.31669905,8,7.603144654,0.995959665
9,26.42632889,5,16.53464952,0.982709678
7,36.19679659,1,5.36107213,0.715041794
8,24.0815363,5,16.70839249,0.981422899
1,17.39244854,0,38.87959626,0.840281599
7,17.25544908,6,8.406158699,0.98226773
4,13.40506231,6,9.621078004,0.976789836
7,8.031551817,0,38.61294081,0.943671374
7,18.4656691,8,18.77118854,0.995871349
5,11.55758409,1,27.94361386,0.911396545
4,33.07620166,6,17.39282722,0.975506457
3,41.92842189,5,31.7335995,0.971029451
1,12.4341572,2,44.02748504,0.952228549
3,26.45747035,0,2.583614,0.480371207
10,25.59163866,1,21.61098653,0.921789649
3,37.46099724,4,21.06230635,0.927456471
6,32.7382515,8,10.23240106,0.989677873
10,27.05243542,7,39.35735008,0.998042171
6,17.60541274,1,18.38111869,0.865581091
3,29.35980344,5,19.63042939,0.96050181
10,42.81939835,7,6.327010918,0.985595436
2,19.17296482,5,36.0694461,0.984046738
8,8.664615143,6,31.79931746,0.996141803
1,27.95750214,5,39.8222543,0.98164093
10,4.858394167,9,14.0973751,0.998620662
9,7.187177459,2,11.39599155,0.940916444
9,35.53773586,1,2.79730811,0.74815424
7,9.731109157,6,24.02734086,0.993526658
6,44.21944416,3,41.10206627,0.964560479
9,15.73134379,1,39.85551021,0.968941688
1,14.53083774,5,35.97124231,0.983038544
6,37.59515223,4,13.76450174,0.932930244
8,5.844789064,3,26.67701138,0.9805461
2,16.83038332,10,36.88143486,0.998793609
5,36.30633282,4,26.57889249,0.960745692
2,34.5635843,7,20.68837341,0.981856141
2,1.335995953,7,6.62882589,0.983137354
5,11.97095932,6,9.435415369,0.980392613
1,15.22799569,8,27.71809057,0.994095458
1,29.19816975,5,38.87424558,0.979684382
10,9.229588785,4,16.35568128,0.983733548
10,14.73029244,1,39.48579551,0.972693785
8,28.83497129,0,27.20848348,0.858718529
2,23.46837225,7,42.31865244,0.995372231
5,1.248011828,8,36.17408934,0.998458198
3,31.14117472,4,8.249372813,0.889606879
7,21.7846997,2,8.485748046,0.874011007
9,34.57575647,4,4.103032012,0.936062013
9,5.215958382,1,36.58320617,0.972560464
9,32.77684048,1,13.21392715,0.841992496
7,34.45007342,5,25.20177701,0.981107494
10,20.03036273,10,7.660294561,0.998391431
8,1.746944019,10,39.26479726,0.999716474
5,8.407859829,4,20.3841751,0.972888791
9,5.513211583,2,16.91438781,0.956283592
5,0.294193506,8,26.64405416,0.997566742
7,8.78394234,6,9.149542241,0.98625135
9,44.55839053,0,41.22386852,0.91095533
5,31.70449915,10,37.60082226,0.998907377
1,35.5879122,5,13.94899841,0.91927731
4,38.0967843,7,16.59835067,0.981743444
6,12.98283272,2,22.93593749,0.938608133
7,23.23468111,5,43.83663934,0.994144636
9,24.67599758,8,11.44565581,0.994926517
7,7.435172683,4,6.751224275,0.961914934
3,17.65409255,9,29.79248593,0.997441149
8,28.38188794,0,12.11832238,0.748294203
9,4.236989706,2,31.12397727,0.978697693
4,40.0376134,8,37.7567257,0.995608855
6,7.876947072,8,23.7403806,0.997151053
8,4.833087212,5,30.7465793,0.994348453
3,30.36036851,10,26.2698348,0.997611139
10,19.115034,0,3.816649354,0.770635077
2,19.12357765,5,19.75284916,0.965377105
2,27.49978246,2,10.79390832,0.758519063
8,35.8533544,0,43.25976958,0.919401313
7,31.67217169,10,0.58554473,0.994729101
8,26.90056467,5,43.90743115,0.994450026
4,42.09899882,5,8.790233086,0.923626311
1,7.369177954,8,19.94049981,0.993171341
6,20.94215634,6,24.42429413,0.989927142
7,4.094528005,0,38.52712679,0.945092851
9,27.65077429,6,4.533600043,0.980433421
6,23.59778088,9,25.04246772,0.997735277
7,0.865432289,7,0.654990166,0.989807012
6,24.1263966,6,19.72167202,0.986004525
1,1.168675588,5,27.32563062,0.981596433
1,6.841570105,3,33.66417688,0.960021805
9,45.28132239,7,14.67868981,0.988185068
5,1.850137788,6,37.0741497,0.995954182
3,40.72399745,9,9.310632432,0.988160374
1,38.44190031,2,2.023647084,0.572310357
6,13.76996406,9,1.668468263,0.994041095
7,16.46264354,1,15.68070932,0.871620183
8,32.89868462,9,32.79585371,0.998514789
3,10.86757187,0,37.37755161,0.885840752
5,11.8928677,0,31.27639924,0.881775198
5,34.8850844,9,42.77610162,0.998471852
6,11.02111139,4,43.25285493,0.991628004
7,9.213172123,8,31.95070534,0.998432255
8,40.89173129,1,16.06484491,0.815449502
6,14.82154247,10,39.28712576,0.999450409
5,11.54117524,7,35.51085561,0.99663301
3,37.04017877,7,36.08806318,0.991734583
2,26.61501671,6,36.79973354,0.988436215
9,42.44975762,2,1.325317205,0.79533825
10,27.08330655,4,22.87712892,0.982107088
9,37.46279162,3,16.71478517,0.938991166
7,2.418480437,3,38.56847111,0.987954693
8,2.274512629,7,29.33225439,0.997897007
2,9.531195882,9,33.21503529,0.997954701
9,11.72513019,0,22.08421898,0.897352674
2,5.774694493,10,34.52967226,0.998956821
9,37.76988229,2,38.50847181,0.965725639
10,14.7026839,1,19.53790736,0.932232581
10,12.35791865,5,44.57225688,0.997390908
3,38.65326504,6,32.64976381,0.984956678
4,33.38407109,7,10.55623855,0.978370413
2,32.58309153,2,9.141650659,0.720554522
2,20.541074,6,1.312041379,0.945866771
4,17.80830027,1,12.02318639,0.7757146
6,35.53917856,4,33.43861043,0.975373051
6,34.07277489,5,21.79354061,0.975155983
9,2.824027938,6,8.465167463,0.991009411
5,38.4060426,5,34.30314451,0.982617752
3,25.24887223,1,34.09229191,0.882515301
1,22.15838422,8,41.84078578,0.996777453
10,7.650664686,1,19.55588643,0.941878805
6,42.0620681,6,3.298345919,0.9547785
9,10.85668815,7,8.818048025,0.99314398
7,44.23544798,6,25.28938289,0.985077468
9,11.86152276,9,20.63071638,0.998575424
8,32.32388795,3,8.619708192,0.909919521
1,7.325825831,2,11.02774257,0.820353623
8,13.00825222,6,43.99933423,0.99784248
7,5.500306233,0,28.96912561,0.912082532
10,34.52920326,10,4.500594115,0.997213603
1,0.066426979,10,11.86278882,0.99669295
7,40.36636661,5,29.49488362,0.982146881
1,27.41970884,2,6.845970823,0.692606932
4,41.25191429,9,37.19899094,0.997325774
5,6.223983766,1,13.38626238,0.85225768
10,35.21508272,7,10.17757762,0.990641247
7,38.86145977,4,3.487904626,0.905526223
2,42.97467387,8,32.45374729,0.992137797
9,22.81601741,5,11.51873047,0.979443856
3,31.90138463,5,44.12547601,0.987729488
3,20.68835246,5,33.16236869,0.983416531
3,23.92809898,1,32.51873001,0.879505632
7,31.63931281,8,43.90610142,0.998449545
9,45.14614961,5,20.16496374,0.975996839
5,30.79225147,3,20.38081177,0.923512053
7,15.77634264,9,15.48595766,0.997373392
7,30.36759221,10,23.91521533,0.99853345
8,9.978185476,1,5.04460241,0.844783619
3,26.16214148,9,7.981645346,0.991254625
1,25.45085936,3,7.201475322,0.798577079
9,4.482293027,4,17.76858416,0.984537021
8,7.721064847,9,38.00884335,0.999406311
3,12.13758695,7,14.86124886,0.987978855
7,26.99737233,0,20.84862867,0.803678647
3,35.81346072,3,25.06732936,0.909590997
6,26.47256026,9,12.55531564,0.995162807
10,44.7981397,5,10.09523813,0.966800459
3,44.8100466,7,43.95601785,0.993437206
2,12.84981545,1,13.98001172,0.761698378
4,8.420315662,7,16.19453693,0.991016953
10,9.413314676,8,1.724449441,0.995350165
9,25.24638167,4,1.1770191,0.941884337
7,30.91231959,8,31.57182019,0.997267219
5,0.206428884,0,35.03538971,0.922866536
7,19.81139585,2,15.86843448,0.913302794
5,0.476970831,9,28.02568815,0.99874314
3,12.38688381,8,33.46600654,0.997116865
10,26.86267912,10,0.159487718,0.997113164
9,44.91335445,7,4.551790515,0.980909312
6,42.12464962,4,44.75381983,0.983740378
1,6.903586137,9,6.552821502,0.991555916
2,1.823718316,6,6.024926752,0.971944794
1,33.32964382,7,38.5843471,0.991246668
2,1.516399785,1,25.57905684,0.884375074
9,14.00161813,4,36.91261157,0.992332304
4,41.46907381,3,35.59662365,0.943863898
8,17.80312512,2,8.387918887,0.898824598
4,17.06337705,4,1.375960237,0.902908313
5,42.97847638,5,23.11050564,0.965743254
6,8.506290361,6,38.99268679,0.996443289
2,27.0231373,5,5.218569606,0.917357607
7,36.70383154,7,30.57780545,0.99418074
2,2.659138168,2,18.13850977,0.896353231
3,33.05753073,9,29.58034268,0.996384331
1,17.14893876,1,13.24278792,0.705312157
10,34.46466844,10,14.110153,0.998250252
8,13.96212386,0,23.61848796,0.882227217
9,27.56149034,7,32.93471771,0.997097505
1,39.35514356,2,27.17209789,0.823576873
2,8.482150338,9,44.03236412,0.99893738
8,35.8516571,3,4.387462394,0.882172029
9,14.35096427,10,35.6202973,0.999569997
2,16.06416598,7,16.58584568,0.985821195
1,38.23785661,9,31.68791971,0.994701149
10,19.57890691,2,38.36894133,0.979759857
3,21.90686806,3,32.59103094,0.955663859
9,31.05935807,5,40.3648074,0.993735071
7,22.87117115,4,13.61425941,0.959816892
9,14.38667488,7,39.80645946,0.99841212
2,17.52235557,5,30.65351855,0.980069798
2,27.84699826,5,8.882688157,0.927006042
4,44.00611552,5,16.60571839,0.943751592
7,24.00963247,9,4.485282425,0.994217017
4,30.76225644,2,29.97854243,0.912077119
4,8.588587875,5,8.246122251,0.964606924
10,39.81029302,3,25.88604105,0.964116643
10,39.19133841,6,28.8413314,0.993219021
8,18.81878623,10,40.6443781,0.999552304
8,11.72043865,9,4.844310289,0.996290552
4,12.14952643,1,43.06861101,0.950879297
9,34.92623576,4,25.06268405,0.977444359
9,8.546849567,5,43.91548873,0.997281848
9,0.715522193,10,34.32858352,0.999693271
2,14.98071367,1,9.884628618,0.717769939
7,3.826377226,8,42.77806847,0.999134948
2,30.07091409,8,28.10108359,0.993161396
1,23.63951813,2,4.463744662,0.686310096
1,15.41578862,8,31.3733424,0.995063071
2,27.24503087,2,5.736266727,0.714087225
9,19.92201958,3,22.8240031,0.97116929
7,44.48391279,2,33.76445651,0.932690208
2,17.84805364,1,26.2267115,0.844069965
7,4.020300682,5,0.940482997,0.970299753
4,26.21838227,3,43.52719708,0.974144065
4,5.164037826,6,7.526282185,0.979716311
8,11.43969205,4,6.228689903,0.960832066
9,14.87272112,9,27.8556395,0.999000888
2,29.42356247,7,16.19136186,0.979409337
10,35.49734646,3,28.76974333,0.971188719
7,11.45305888,7,22.84334873,0.995750254
8,40.40661299,7,28.74040595,0.994349899
9,26.23703685,7,10.7328455,0.991618707
5,14.98818288,7,10.14206386,0.987829829
5,1.594777954,1,25.28863427,0.923669323
7,35.75165503,4,24.79296853,0.966435561
2,7.373905553,6,42.06435289,0.994828798
8,7.1108159,4,17.27049166,0.9798566
10,0.48477421,0,43.45529563,0.976044633
1,9.553590931,1,29.53870491,0.869256248
6,8.565926511,4,19.47290276,0.975431856
5,39.14289139,10,43.30949157,0.99901225
10,22.7600375,8,2.275618569,0.993380303
5,12.35472631,9,3.651731495,0.993924141
9,36.35784937,6,32.15009931,0.993743261
6,15.79302542,5,42.39161286,0.994035493
4,35.44121842,6,4.271161424,0.949769866
2,22.59293967,2,21.59054365,0.859100811
5,31.7230879,0,44.4586759,0.899412954
10,9.02973643,3,33.94862717,0.988213087
5,26.76293923,7,40.49888486,0.996476252
1,41.63301722,9,22.8542641,0.991423211
7,29.7486724,2,40.86562351,0.965388459
2,44.93834734,6,19.14906573,0.957717908
7,31.84100185,6,2.982327137,0.968267076
10,41.88582347,7,38.72540248,0.99733506
6,14.36802458,7,0.155282629,0.98308584
9,5.924710897,6,38.12148097,0.997728801
9,44.67350752,1,44.14612466,0.94905248
5,44.5491024,5,31.17320867,0.976466333
5,42.61832755,9,7.846747868,0.989505401
4,44.06680194,2,9.260288612,0.722661751
2,25.92895226,6,40.45557545,0.99080761
7,5.201155301,4,12.73416332,0.971738116
2,25.49187756,7,44.81703963,0.995373167
4,37.81194551,3,29.56704982,0.933697079
2,40.64834579,8,41.36974474,0.995286127
1,2.661874952,6,42.70584209,0.994913529
4,43.26164559,3,19.41952945,0.879700347
1,8.24781305,1,41.00892816,0.923969681
2,22.67602278,0,24.49250701,0.726600479
10,13.34937592,5,1.604610272,0.976135733
3,40.9996841,6,22.83261524,0.973155779
5,44.17969361,1,37.30731002,0.88328263
1,25.9377785,8,15.34306058,0.986101364
6,37.11861084,6,44.44417361,0.994322232
9,11.51161071,7,38.98803057,0.998551814
5,29.57862484,4,24.42491727,0.961998138
5,23.50544769,9,25.89835214,0.997541007
3,9.531394422,4,43.4001006,0.98811924
9,27.97826079,9,44.06538851,0.99939903
9,21.33129053,10,22.52787309,0.998960447
8,21.80481548,10,36.20876237,0.999463009
9,22.07916329,7,44.64322739,0.998565481
3,2.482128788,5,5.745541118,0.958849446
5,17.30264406,7,20.77212045,0.992295848
5,25.08933974,6,40.65583136,0.994443164
6,23.1147941,1,17.23730397,0.844607025
2,36.80796722,4,10.17946281,0.867864689
3,42.34546036,9,15.03838323,0.990504451
4,8.808280974,0,32.33016509,0.879889622
7,13.83636032,3,12.77232458,0.945953091
7,39.66144753,7,19.15817371,0.98892263
6,7.014553875,6,4.291013789,0.981566649
10,29.77789745,7,37.56510745,0.997791643
3,19.63230416,2,40.40975918,0.950374266
10,33.1337021,2,21.69852622,0.940509375
5,9.652251113,2,38.34247261,0.968535485
1,12.5974409,3,35.27548272,0.956368936
5,13.9955754,1,26.16672912,0.901527206
1,22.35970757,5,41.79732801,0.984377835
7,25.30897349,2,33.94505153,0.957081623
4,23.74085635,3,17.30284424,0.916071714
8,4.765871328,3,23.6593134,0.976736379
3,11.84501425,6,38.02599262,0.993589166
1,44.63738335,3,35.81253046,0.907261633
4,43.30416516,4,29.91454205,0.953877133
5,4.300197272,9,39.56879195,0.999187117
8,27.16108463,3,18.79716068,0.950016637
6,4.831837965,5,24.07861115,0.988942937
6,35.75346074,6,27.70550956,0.987577106
2,3.969191539,6,37.90549996,0.993839818
7,4.010772059,2,35.07122281,0.975456488
6,7.942843342,8,44.85006279,0.998952139
2,18.66936037,9,22.69090141,0.995590121
2,31.33430622,8,41.16475289,0.995950486
2,5.039505753,5,19.95905246,0.975892465
4,17.98968284,4,30.09775508,0.975042666
8,30.13691414,5,23.44458876,0.983363141
3,38.09027191,4,26.70131632,0.943060857
10,42.43482268,7,18.45448502,0.992635323
6,10.52863944,5,13.2796453,0.978663753
6,43.83997052,9,8.503214332,0.990945013
7,17.12132063,8,38.05035813,0.998537255
8,6.279204369,1,13.23942773,0.90040448
3,6.098445015,2,14.58795341,0.884768635
10,8.480118493,2,40.79386659,0.986727541
6,15.32257554,2,42.19286132,0.97376986
5,12.16361502,2,34.46521811,0.95975116
5,40.77544093,9,21.10306253,0.994833883
7,19.68361433,10,13.75307995,0.997957277
4,9.74388683,1,33.65384457,0.926571271
7,40.55966504,8,32.12101615,0.996437248
10,27.62881729,2,37.07463069,0.976139871
10,25.09753516,2,20.31596612,0.945927128
7,33.29449999,10,19.58344517,0.998012443
3,7.860277744,10,12.28758211,0.997057556
4,20.97763322,6,35.83337378,0.99205107
2,32.38820682,5,1.161262115,0.887024993
10,34.99121861,9,33.87592173,0.998907052
2,20.43842494,9,43.87250312,0.998551888
10,12.33000411,0,38.96207026,0.959266886
5,12.26021938,0,2.714670193,0.642205794
8,5.057175096,6,5.428403022,0.987199104
10,27.67884511,7,43.2418621,0.998554948
3,43.85992618,5,8.271400378,0.905383937
6,8.377240625,10,21.99392038,0.998791128
4,34.98045294,5,3.360152707,0.914452882
8,26.09811909,10,17.71026576,0.998300554
1,6.747927527,5,25.30689543,0.977013416
1,2.074905382,1,39.03882293,0.930104219
8,23.22298791,3,15.95869611,0.94712295
5,9.336709803,7,37.37489343,0.997145373
5,5.086285473,2,43.40795053,0.978308967
1,15.00602563,5,21.18143638,0.966454125
8,15.71218724,0,5.777763888,0.748189124
4,22.45406734,1,4.810509326,0.684734542
7,20.50631622,4,21.66591033,0.973486149
1,39.04497736,6,44.63408936,0.988027927
4,11.17189248,0,42.18865478,0.92044773
8,42.78221296,6,3.930656486,0.965533289
9,9.079190767,9,11.03028011,0.99790607
2,22.00289765,6,41.1953718,0.991928286
5,34.14244131,9,11.14979642,0.992785149
9,8.107418737,10,7.335274113,0.99842795
1,2.111135063,7,41.14454538,0.996585705
4,2.361457976,4,6.717123535,0.946797754
9,9.980991076,4,23.99399009,0.98720494
6,20.6885542,0,20.87551842,0.80631773
8,7.114133984,0,34.64040756,0.941294459
9,29.54312371,3,3.427489778,0.906353604
10,28.6227264,2,10.42950259,0.908016474
7,36.86184861,10,15.30159529,0.997195507
6,7.727937242,4,12.84309876,0.965877184
4,36.02030033,3,29.08849934,0.934428535
3,14.53097181,4,30.29496423,0.973944237
9,13.56398882,1,13.56519539,0.898586251
9,22.76309114,0,37.74008933,0.934401796
3,9.610834973,0,18.26270046,0.753870409
4,17.24108541,1,25.47449193,0.874357462
2,31.636714,3,1.994457886,0.752430744
9,9.961190174,9,5.907767462,0.997361051
3,15.00151141,8,27.70712386,0.995841672
3,43.44502015,7,39.18703031,0.991789087
3,10.28782442,5,42.25236452,0.991887728
9,2.74212722,5,35.9503787,0.996414195
8,8.888592461,0,41.63265054,0.955183183
10,27.64573728,6,26.13024212,0.993979799
5,13.933014,7,4.560847242,0.983719978
8,39.91830621,3,5.038663255,0.873024637
4,8.182351297,0,36.28839504,0.897832753
6,11.60151555,3,44.09181298,0.987055402
6,27.18334803,8,4.090898566,0.98863995
5,11.86603662,1,10.68172333,0.815281625
5,37.94297257,8,5.53439951,0.983634107
8,35.04502915,2,32.0465171,0.948443642
4,14.7420934,6,31.74578682,0.992415584
7,44.04999378,9,8.972205762,0.992817575
9,37.37801816,10,39.97211601,0.999364628
5,19.75194898,4,29.19860968,0.975931594
1,9.960083212,0,16.1861482,0.668141416
7,11.86144296,10,21.20580354,0.998921745
9,42.91421811,1,15.41449967,0.823613321
10,39.37649837,10,17.49027156,0.998395556
9,35.08112653,8,29.37268914,0.997456459
8,38.95605664,4,16.66065347,0.953896818
1,26.43367299,3,6.206244915,0.784656513
6,37.29939648,9,40.8245636,0.998472076
7,20.30160568,5,18.78481379,0.98159067
1,45.23393432,3,33.77774134,0.901076025
8,30.45389314,7,14.25261611,0.990629081
4,2.766523737,9,33.04038515,0.998783332
4,17.90514317,3,33.82950931,0.965546952
10,9.573576066,8,33.72640871,0.999070256
10,30.77779536,1,34.35828386,0.950217689
9,5.209420878,4,40.4170158,0.994558449
6,23.81004598,2,40.58874769,0.96529966
6,10.84405076,0,2.639198781,0.67933456
9,34.80813729,6,4.920257407,0.976143775
2,3.366606112,10,29.74978808,0.998770343
9,28.38333065,4,28.82275443,0.982977931
10,30.37077786,1,44.48205872,0.969749104
3,19.61037983,2,0.553548433,0.730663352
7,5.07789656,10,5.718757699,0.997894378
1,22.06480587,7,35.72571031,0.992532109
6,22.47040347,3,14.52979095,0.929022664
5,38.93199213,1,12.37063596,0.711153941
7,34.82111874,9,43.05445081,0.998894547
1,38.02745165,4,32.50491153,0.944410564
7,8.412149911,10,13.60261661,0.998571297
7,14.1726051,10,36.16089482,0.999432293
10,35.74463508,4,42.27376513,0.990878712
6,31.28889375,2,1.767517712,0.769313753
10,44.43999116,8,39.14585128,0.99821781
6,14.31427897,6,44.50906873,0.996687851
8,2.047796682,0,7.411805124,0.820905767
2,10.8360421,4,8.647499881,0.922683382
10,35.32955841,9,0.231671658,0.994349525
7,21.10157383,9,44.49753275,0.999248352
6,43.37612757,10,28.1783826,0.99805154
5,14.82406151,2,9.051547781,0.864714222
1,1.231464079,0,43.22824,0.904984314
9,20.83450834,2,32.44650814,0.969324229
7,32.08616345,7,1.769530702,0.978913176
5,3.517089936,0,38.69667178,0.93333486
4,20.15577621,1,22.96128252,0.852921122
6,36.12330602,8,8.433888904,0.98772026
1,1.875280384,9,7.112728105,0.992735522
1,33.08294032,6,15.04636635,0.957062812
8,3.427274105,9,44.46259917,0.999637623
3,26.27993805,3,24.3732045,0.923710042
7,2.204763584,9,44.28128592,0.999561788
2,25.04493503,1,3.489953094,0.584975364
10,37.1052403,7,31.58245252,0.996686125
8,30.08646653,9,9.445759688,0.995637234
9,40.87545034,5,14.89123018,0.972530983
6,11.9624876,0,37.45111114,0.923938119
5,6.150415884,10,27.35541152,0.999089035
6,4.384020298,7,26.12955185,0.996399623
5,35.60429137,5,14.72566181,0.957105159
3,32.9703345,10,39.47202207,0.998607343
2,6.676018577,0,37.4975394,0.884747912
2,14.66094154,6,33.68081705,0.989985436
5,14.71525197,6,19.07646726,0.987166533
6,29.64237849,1,13.94171236,0.794657345
2,23.24034304,0,10.13150841,0.555463821
6,3.423236761,6,18.47815125,0.990927625
9,44.57247916,0,10.89082914,0.682055543
9,31.39897132,2,9.33109051,0.882320923
7,1.341617104,1,28.82647171,0.950968856
10,3.54570055,10,9.63837615,0.999031602
3,7.061036727,0,32.99912671,0.8717861
1,40.05076604,8,10.45013342,0.974691396
1,24.46291945,4,38.236675,0.969325492
10,17.21472414,1,32.14307616,0.958463919
4,0.468544979,3,2.250943567,0.900693826
5,16.38614724,7,11.1275553,0.987981811
9,38.33376262,1,10.28226801,0.805684178
9,5.249341081,4,12.43224188,0.979269385
5,20.04851432,7,12.52969823,0.988031628
4,6.354676549,4,11.86436957,0.954670894
3,15.64490236,2,29.16356422,0.923968167
6,11.78836889,0,17.60847883,0.815509157
4,38.39008831,7,16.05715304,0.980920769
2,3.666974603,7,40.78380817,0.996932533
6,39.32342532,5,5.175579481,0.936208064
9,13.45444489,3,1.429624291,0.930616138
10,0.966143558,9,32.0295454,0.999523163
2,45.17695519,9,35.72678608,0.995570124
5,15.26295251,5,9.398350835,0.965665106
7,1.375378659,7,20.775385,0.995980668
4,19.56863846,5,31.78909446,0.985471289
10,10.81556807,7,45.20551749,0.999086562
5,6.526037692,0,35.62479428,0.916278109
7,24.90718266,0,39.53814074,0.917723993
9,35.19828274,3,39.89460915,0.98215002
10,21.63937493,4,43.54928621,0.994293297
5,15.06991859,10,9.835303339,0.99705261
9,3.77711021,6,4.17262416,0.989003582
10,19.46313522,1,42.9381689,0.975532013
1,11.11549421,7,18.18199375,0.986692803
4,0.736353473,3,7.768723512,0.92317743
5,42.7635733,8,20.04215433,0.990528479
5,11.90853375,10,2.198439238,0.99633844
4,40.29907311,5,33.41251634,0.978050612
5,24.31374821,4,43.44193091,0.986924139
2,38.94798094,3,0.885643022,0.706432843
9,32.16987985,7,5.37228972,0.987121442
1,31.31598087,9,21.18162294,0.992580664
7,40.08089302,3,32.47533428,0.960084762
4,43.72532813,4,6.476520673,0.862968211
8,13.15793539,3,8.486367794,0.940726823
7,34.87712802,6,27.12589478,0.989673323
5,35.75563935,8,17.03223546,0.991402185
4,34.51606267,0,18.42291594,0.658952772
10,2.880719622,4,24.85944713,0.990615349
3,3.599351314,0,32.78951888,0.877465315
7,42.89163604,0,22.93660521,0.754844086
10,35.21709291,1,42.04688444,0.962751129
10,16.04965859,0,18.02514732,0.880852338
2,16.74777559,3,3.109633134,0.824517901
3,15.89447943,7,33.3250799,0.994491954
5,17.98500443,1,4.788656848,0.740193663
8,31.10389598,8,2.163521251,0.989215674
2,16.0648169,2,3.865801593,0.74823946
9,29.54776277,3,25.8485795,0.968615531
2,44.51704416,10,28.49636963,0.996375163
10,44.93154791,3,6.819196696,0.90173456
7,44.21174194,4,12.08739408,0.927318693
10,8.248451526,1,20.46410196,0.944261113
3,33.0951834,7,2.474895009,0.961167515
6,1.974926754,0,6.617481103,0.765534154
2,30.51624768,6,31.15935313,0.983843291
8,43.77803175,8,8.72433293,0.989752131
5,11.86093717,5,33.4111865,0.990305844
10,7.121317838,2,39.27281263,0.986318159
10,27.93437263,0,25.52471151,0.891004022
6,33.87771918,7,44.5284008,0.996978228
4,0.108747993,7,17.08820347,0.992807739
4,2.68560435,2,7.312661717,0.867345919
7,4.466144626,0,10.3055889,0.809612472
10,37.10764798,7,30.63773147,0.996499177
3,45.01815856,7,39.64297952,0.992006647
4,16.76698077,0,27.89694501,0.828424376
6,15.05012516,5,31.83875095,0.989688627
8,41.07273312,4,26.35939538,0.970621976
5,26.28905081,7,11.07301011,0.985045615
5,14.40807273,3,29.16104425,0.966021115
7,11.64572577,0,28.31807421,0.898096299
9,13.57662921,10,12.82479219,0.998733627
3,0.773909121,8,30.15689269,0.997389026
1,25.93510454,8,13.45488293,0.984863461
7,12.69111874,4,14.09687503,0.969517404
2,38.43991831,6,20.99869796,0.966573549
7,21.0574913,0,22.3846002,0.840889265
1,12.36171617,6,21.17713498,0.979489862
4,20.06745476,0,28.37699564,0.821524567
5,3.049964896,10,24.40006093,0.998970384
9,44.19677391,5,24.35855328,0.980693369
10,27.39911645,4,25.83701373,0.984221271
6,32.12665351,2,26.92536815,0.919438066
1,33.26601714,6,28.87325879,0.976631392
1,21.95197606,4,1.036526047,0.840562548
3,12.09561371,0,36.84271758,0.87799767
5,22.32170688,1,3.65848383,0.704404557
3,12.02119178,2,12.52241324,0.856705516
6,35.29936579,0,7.740675693,0.59917487
8,4.576808103,5,43.32452966,0.996729641
7,18.78791914,4,44.4580299,0.992167368
4,39.01975522,0,5.203233389,0.472970944
1,2.431062867,4,30.81181534,0.974095124
7,22.8792628,5,15.94083002,0.976913223
10,27.58860648,0,0.810641596,0.700079202
3,12.11711892,7,44.70285829,0.997266354
9,41.42826374,8,8.204667192,0.991306997
4,4.951662248,4,12.21402167,0.955933115
7,17.11629724,4,10.07671611,0.95762627
9,15.17539065,9,12.75002382,0.997860931
3,21.78028198,8,26.48220238,0.994452906
10,33.23457587,10,26.87409647,0.999126579
1,19.05177335,1,43.57392101,0.915393049
7,35.03042928,9,18.80162094,0.996516254
10,7.38950576,7,30.44793943,0.998208835
4,16.42902118,2,2.768578888,0.792756913
9,16.97740638,6,27.95706171,0.99516583
10,35.16440912,1,29.13129146,0.930343344
2,2.774819339,2,31.38985179,0.944376456
1,15.90702002,2,37.78761895,0.933902746
4,43.85689284,6,21.49856189,0.973611974
10,21.07085359,7,9.839494103,0.992966157
1,18.70205085,9,36.52665098,0.997587103
5,43.66254715,10,18.37067387,0.996363343
7,25.69828922,5,1.584789912,0.953116487
7,25.54260665,3,31.49990284,0.971468432
8,29.74397844,5,42.09273944,0.993849053
7,20.65251153,0,35.2762776,0.908277712
6,30.13491724,0,6.232265441,0.612190747
1,20.61138558,4,43.80394181,0.978039367
3,2.066198004,9,35.2084174,0.99866627
3,43.62117319,2,8.843325935,0.689245032
5,34.78535393,7,0.69433999,0.969025304
9,20.36815187,0,34.47369905,0.930039863
8,11.91619553,0,11.68467893,0.81648081
8,33.3265053,10,2.251664809,0.995740174
6,17.93210344,3,9.670678777,0.920776229
6,44.93253802,6,18.29413109,0.975405636
10,24.66423697,6,3.853526628,0.983214594
1,5.491448635,8,43.34296169,0.998064923
3,32.56771401,6,23.4277499,0.978968166
3,9.0184988,9,28.46077093,0.997954152
7,15.10349183,5,16.36900208,0.981463242
10,13.33934576,4,19.91856078,0.984840798
6,33.42882462,2,32.46116078,0.936816964
6,37.40163865,1,41.77441214,0.92662434
4,42.7443476,8,31.83074943,0.994122417
10,27.12403568,1,39.50495823,0.962803294
8,18.93463164,1,42.44201691,0.966237028
2,39.74759019,9,17.73361543,0.991167263
6,11.61423633,4,4.118039027,0.942674327
3,14.00488624,2,1.709329154,0.766266044
4,1.040550998,6,3.905749664,0.976720499
1,0.265334246,1,26.56950693,0.877589549
6,27.06702038,2,43.34798372,0.967429171
6,11.55535512,3,19.97700184,0.957841316
9,11.19041582,3,42.70507423,0.991011941
5,39.43183223,5,11.18880986,0.944372185
7,39.78089021,8,36.6095999,0.997164652
8,35.06812026,2,21.83955147,0.917331712
9,3.702729124,7,4.952053034,0.99360252
6,28.39892238,10,7.705310881,0.996163553
6,44.73453014,1,31.04818556,0.862764187
7,7.371106615,5,23.44583999,0.98974502
3,24.42636012,10,35.41726258,0.998666487
3,44.78430205,1,3.365457887,0.501062096
9,9.666341233,10,0.1021789,0.997809056
8,9.769174139,6,43.98957319,0.998005645
4,22.17068844,1,19.81439316,0.824989315
10,24.5855478,2,14.44963904,0.931040242
5,5.120086632,4,23.58098659,0.977291223
6,15.09426518,4,38.53038856,0.988591908
3,26.41458866,9,42.63374114,0.998360517
7,29.45187756,7,26.24814616,0.993858929
7,26.08339636,9,28.14798439,0.998184674
7,18.311871,9,35.43454079,0.998979236
10,8.48816349,5,24.77912236,0.993174889
1,20.14007747,1,10.70677101,0.664503594
7,1.408532491,0,14.63557657,0.850549252
2,33.1398454,7,30.36806108,0.989323373
8,32.72407195,9,12.43943919,0.995790852
1,25.7577919,5,21.42103727,0.955824379
2,9.049479118,3,13.33626711,0.903275669
2,36.44421216,1,24.28943224,0.748593982
5,44.1384493,7,9.741580323,0.973853172
5,41.1005361,2,34.3833366,0.919013855
5,40.04432283,8,41.50264615,0.997052192
3,11.71043903,1,6.118372037,0.725695191
2,29.91624311,6,5.623345985,0.945485557
10,16.08721139,5,34.76881796,0.995059422
5,13.34864479,3,8.599039963,0.911348539
1,42.03796179,9,6.703859533,0.981094815
3,26.61752919,0,18.02957759,0.666833058
5,36.02846989,0,32.62807449,0.810581454
10,11.55673799,6,11.91189131,0.991876342
9,45.35608411,0,38.91381083,0.898968128
9,23.14978434,2,9.862292504,0.9060401
8,37.33111561,0,13.85366659,0.724310905
2,7.419982756,1,14.1827932,0.788982636
3,4.041812512,6,37.25237459,0.994821317
4,15.39481787,1,10.58643688,0.77518576
1,15.41832006,5,30.62828695,0.977383358
4,21.437761,0,16.32448906,0.709199531
2,28.03361194,10,45.04310381,0.998876046
7,32.29169663,0,33.59816235,0.871825703
6,23.31119112,3,42.46792556,0.981568015
4,5.05033271,10,23.70218409,0.998728012
6,41.58806168,2,6.077926912,0.762110735
5,23.33406793,7,20.12540554,0.990916725
5,1.051725115,0,35.01475209,0.921306781
10,43.30987736,5,15.81544594,0.975569003
4,17.81243741,2,11.78235911,0.851818905
4,12.67919531,5,1.309959338,0.94422455
9,34.95868759,1,22.45132508,0.889768509
8,19.70210069,2,35.39977665,0.970569152
9,39.34465109,2,3.007756547,0.82281842
6,31.44774225,1,20.35795019,0.833617166
3,27.9288186,9,7.425496172,0.990773011
5,24.2312386,8,41.17893028,0.998068009
10,18.78950452,9,41.28450594,0.999530512
4,33.01021078,3,7.185094261,0.834967023
2,1.931642747,2,25.996476,0.92678405
9,13.26171189,3,19.33347719,0.97089592
8,27.34351962,5,31.59982305,0.990289775
5,35.29176357,7,4.017399934,0.972403166
9,15.99030077,5,28.69673043,0.992282475
7,14.9018701,2,18.532075,0.932482103
10,24.48282727,5,21.54541577,0.988159307
5,31.9088307,1,25.15146806,0.846975902
9,38.65826442,2,14.84944984,0.892706984
10,41.49819379,6,16.39016601,0.98592694
5,23.85398186,0,44.00183593,0.915495575
5,6.640220914,8,25.19907492,0.997226692
9,26.42034546,7,13.00170082,0.991832385
9,7.306935598,3,7.01197357,0.952715402
9,25.69039285,7,34.90857553,0.997322564
7,44.46318663,1,34.29967404,0.896947314
1,0.993593333,0,12.76260463,0.681905043
8,34.64980367,9,23.67600988,0.997654024
8,33.63767495,3,36.25572913,0.97577284
8,44.45376474,4,6.00304427,0.917623334
8,4.920545787,4,29.77329637,0.98943492
3,33.41307644,9,11.5110681,0.991133785
9,22.80623488,4,4.700331385,0.951964112
9,40.05588953,0,13.69531828,0.73683412
10,0.363311405,5,28.96963431,0.995604336
8,37.36786444,2,3.789512682,0.810154433
1,32.85784388,9,6.633889506,0.985192149
6,24.39035159,7,17.01032138,0.990847659
4,17.33852528,5,31.60398715,0.985222573
5,13.19357734,3,18.21084686,0.945368216
10,30.25229148,10,16.321512,0.998659596
1,35.03357301,5,32.90082701,0.969256444
9,13.38267363,3,0.470589405,0.925018956
4,19.26722287,0,29.1618788,0.829579939
10,27.37055786,7,15.99895191,0.993685716
2,0.732350989,4,23.74587518,0.970662497
5,7.904159076,7,5.790634889,0.9867848
7,35.23727838,2,12.82009742,0.858676569
5,44.36212524,7,40.99160913,0.994107907
5,38.51091127,2,25.07617042,0.883701744
3,19.74601253,0,11.78398908,0.63249323
10,11.46348258,3,16.76291093,0.971893277
4,32.72645536,10,19.96670567,0.996783172
10,7.796572023,9,31.17084767,0.999397449
6,43.2487548,10,25.48566556,0.99761887
10,6.164411449,2,12.42878266,0.950933035
4,4.113581981,6,33.62966857,0.994202195
2,18.78457395,6,24.95858096,0.983930931
1,22.47583959,0,18.85973836,0.631936156
6,20.59302522,0,16.57902833,0.769706068
4,19.26280569,9,18.55412293,0.996327638
1,16.69998327,9,6.066520502,0.989268391
3,32.61992242,10,16.21366266,0.995496319
7,5.593160231,5,27.84691313,0.991876278
10,31.21677551,8,15.96022459,0.995808854
5,3.35130994,9,14.33302791,0.99707503
3,33.40645668,3,3.052881906,0.780639808
5,13.60370191,2,24.24693583,0.932413721
10,25.39014008,5,9.32436082,0.979492913
3,36.59677561,10,12.63076867,0.99462061
7,22.57709973,4,16.18706259,0.963679735
3,22.49497588,5,28.09638026,0.978255887
10,9.879370318,3,40.95849089,0.991682418
2,19.0243608,5,44.93261627,0.989415187
6,40.58583126,0,8.71275437,0.581192819
2,19.69218237,0,2.118559744,0.477765599
4,13.4824513,2,14.10789846,0.878117696
1,44.01405704,1,36.1329881,0.800571811
1,11.00763942,4,25.37276225,0.957760306
9,12.84509412,7,18.31841181,0.995811714
6,6.925590235,4,22.81696536,0.979710356
8,1.873997419,9,21.77238845,0.99887282
5,29.14706203,9,12.25182784,0.993945607
4,20.37989009,6,20.04331343,0.983733462
6,19.85092495,6,24.64365581,0.990478951
1,39.14286116,2,35.08861946,0.87406045
10,32.82617036,2,7.279556975,0.88669718
10,27.2340139,1,8.616733937,0.852551126
4,24.2671739,6,1.29336503,0.954537528
3,34.47851612,2,5.063383644,0.699770175
9,28.62692606,1,45.07134388,0.967516983
6,5.445574239,2,43.6365934,0.980473556
4,17.19694858,5,36.61712369,0.989360089
2,9.858426448,8,31.42225822,0.996375242
1,40.72805728,3,26.58679285,0.878234102
9,16.13689538,6,2.23367195,0.983029467
9,11.786914,5,27.47935357,0.993009895
3,16.83294161,9,6.893116569,0.992712539
8,34.2426416,2,23.59203157,0.924014028
8,0.906531685,7,4.368769805,0.992858242
8,19.14656816,2,17.23669383,0.930270969
2,24.79642655,3,8.045211431,0.828982648
7,12.12293274,0,29.66485106,0.902649971
2,23.61655878,9,8.934472203,0.990408534
4,33.40920702,1,40.33207531,0.90787364
1,21.02036724,10,25.93807563,0.997408271
2,7.522879608,7,32.37199368,0.994543024
7,25.94348547,4,21.47326912,0.969702863
1,27.68183627,5,13.6564696,0.931321126
4,31.79959404,8,36.02556306,0.996210155
3,26.04935535,8,2.497507348,0.979994057
9,23.00888264,7,13.50553851,0.993121133
2,14.8144485,9,16.2883699,0.994505326
2,29.34186402,2,20.70126843,0.830597715
3,26.69513098,3,21.63900396,0.912455213
6,4.384271398,4,2.913539667,0.948880185
2,28.37171966,3,20.42401882,0.893461656
3,42.68271001,10,30.42092316,0.997396455
7,26.57814848,4,11.50228675,0.9502582
9,40.98113155,4,42.08299316,0.988355891
7,9.327899197,3,17.53291813,0.959807063
6,14.28146425,1,20.60002086,0.88637066
10,15.68772863,6,7.386131219,0.988621326
3,19.04263202,2,6.768820544,0.789778312
6,28.93911261,2,22.95278117,0.910690231
1,34.26479626,8,43.35328447,0.995862252
8,28.22214192,1,2.401304094,0.752412643
4,43.86803575,9,43.91133616,0.998073959
2,35.09851363,0,22.44081799,0.635197663
4,42.15894531,8,11.10765391,0.983534875
10,34.66021373,0,43.88147937,0.944171404
7,30.89321656,5,11.36775152,0.965663043
8,20.69216334,9,42.18647266,0.999328441
8,42.34115887,1,43.89678382,0.945230929
1,32.00637227,5,19.05483221,0.941709433
1,23.89494995,3,28.27174854,0.92242124
5,3.327359644,4,6.271208061,0.952054818
2,43.76075929,10,29.29490157,0.996757701
1,37.72490335,5,7.111947948,0.884502238
1,17.40553469,4,17.39209349,0.931106154
6,0.252108572,9,10.23024051,0.997300954
9,41.6961619,5,15.84631263,0.972851767
5,29.03375347,7,23.81703842,0.991463848
10,35.62395894,0,12.39761027,0.774123389
2,5.882070869,4,30.28055622,0.974497258
4,16.46434589,5,26.84171928,0.982364434
1,34.35486265,10,4.831760387,0.989792474
4,41.89866738,3,41.90518523,0.958790642
9,21.3450451,8,19.20924836,0.996921578
6,8.80219031,6,23.75134312,0.992630154
10,35.32794552,7,8.619552405,0.989120518
5,11.77039344,7,30.4574073,0.996007726
1,33.98625625,3,3.296297936,0.722985374
1,29.03952852,7,16.71550179,0.976241787
1,32.22728607,2,38.71489267,0.906090433
3,24.16170753,4,34.5294913,0.973157636
1,33.17743389,2,26.71537949,0.844249819
3,11.14372669,2,26.51196466,0.922650828
2,32.00719511,2,5.089890093,0.681781637
2,41.18993008,5,28.62486229,0.961852993
2,20.81499415,1,14.72402857,0.733907981
7,38.12641829,4,37.2607746,0.982044764
1,17.27034111,9,19.9913753,0.994635695
10,8.432136781,5,6.305813917,0.983981038
5,15.59753186,7,44.47300797,0.997627823
7,41.10008815,1,11.10965054,0.748971666
10,24.79889322,9,24.69535261,0.998618907
7,8.123140755,9,37.8618753,0.999321553
1,18.49717272,1,31.03835208,0.849946804
6,4.807291313,3,39.94737287,0.986525095
9,23.40476649,8,31.74407324,0.998314277
5,26.61247279,10,22.35895918,0.997998927
6,15.2585355,6,39.91708947,0.995856761
8,26.38018806,5,38.29412833,0.992972359
7,14.72334179,1,36.72595986,0.952936024
3,44.05675458,8,1.246824274,0.968881475
3,40.29708371,5,23.49528673,0.958793491
6,44.30686744,8,29.66089459,0.995068866
4,36.21267034,3,29.50764046,0.936624893
1,32.99711009,10,36.58972191,0.99796968
3,0.057705502,0,29.11961074,0.869159001
5,26.78103806,4,20.18511562,0.95551459
5,19.23751444,7,0.635150681,0.978527012
10,12.30570989,7,12.03501525,0.994807287
7,26.81677279,8,9.458712993,0.992142996
8,32.75554913,10,35.96231083,0.999286842
3,23.14914258,4,4.800005504,0.891510947
6,6.062645576,7,34.60657746,0.997418924
4,22.6553749,2,31.46893211,0.931552762
3,35.38603052,0,17.15805001,0.602583767
2,6.922065082,9,25.72636335,0.997292594
6,3.485372146,6,24.46635841,0.993506418
9,23.30426859,10,31.71227085,0.999381465
2,15.87190235,4,34.59610649,0.974263715
10,28.99761247,9,4.090025795,0.995814682
6,16.57249382,3,30.75873162,0.971380499
6,23.01163406,0,2.58260631,0.611650967
5,2.997672086,9,37.72687433,0.999149825
6,42.45597561,5,5.876733684,0.931180996
5,5.576183058,6,33.05459341,0.994610974
5,11.65826496,4,4.73993411,0.938383263
5,43.97951965,3,30.19143252,0.935840675
2,28.61716076,3,1.817504388,0.764935758
8,4.971879191,10,20.59567424,0.999213934
7,10.06766653,6,29.17775746,0.994660478
9,20.15372282,5,2.278641291,0.968632875
5,19.7838121,10,31.30699869,0.998989192
8,30.6980063,0,27.62607448,0.861624408
7,25.08023011,7,40.39268511,0.997547705
4,8.474913777,2,43.15498354,0.971697585
5,37.10164486,4,38.965997,0.977836924
6,8.626958938,8,1.186546266,0.991585063
9,34.4165701,10,36.07381271,0.999302303
8,11.31572144,8,8.595340369,0.994999188
9,32.38529189,0,3.478048862,0.671338708
6,15.35368281,3,38.42306617,0.981375131
7,31.77587287,4,17.81057048,0.95793819
5,17.53123334,3,6.555451923,0.896496177
5,3.870939698,8,38.84612135,0.998621139
1,14.67334135,3,36.35067968,0.956102038
10,27.92913805,2,20.59259934,0.943439924
2,14.88069031,1,33.36746832,0.888479832
2,39.95670535,5,1.713072168,0.867286094
3,0.028556304,9,23.037622,0.997768372
4,12.07938416,2,1.78371815,0.799546107
5,26.56789052,8,34.43422155,0.996973
8,6.527433567,9,12.44951044,0.997893311
8,32.37308521,8,16.45222526,0.994822274
3,36.93210493,6,15.53874212,0.964262327
10,11.96103629,1,3.803527751,0.868565856
5,12.71987326,4,22.50533529,0.97303688
5,31.27895261,7,12.01465041,0.983935025
5,15.66149587,6,0.280401646,0.966674257
8,23.68105957,3,10.1228649,0.932535311
8,23.00544137,9,24.24677152,0.998283453
8,38.57639359,8,7.78116767,0.989798724
10,17.42463871,8,29.61353247,0.998521146
3,42.00086247,1,4.544422025,0.530716176
4,28.29457413,9,26.04157317,0.996854919
2,37.17402555,4,15.89539596,0.897316629
6,42.95068736,4,13.46389622,0.923438162
1,12.34426554,3,21.52729986,0.916711432
4,35.5621532,3,18.73063583,0.897465057
6,21.51158436,2,37.30866068,0.96167925
3,14.03952369,7,32.19611807,0.994739331
6,31.63760272,2,13.30782662,0.853148545
9,7.01334827,0,12.58623838,0.859819663
5,10.05458015,6,26.10093684,0.991786084
10,10.21398634,2,13.48301932,0.947593774
9,20.58402726,7,15.4056909,0.993772113
5,31.43468278,10,22.15327675,0.997766429
7,7.124578694,2,42.97023775,0.9821193
9,6.712064514,1,30.27742422,0.960399425
5,34.73983896,3,12.07429317,0.877992164
10,17.46154553,2,3.744882901,0.905746115
2,3.339281006,6,3.879350044,0.96795685
9,29.13469876,1,35.50245226,0.946110702
10,16.85213276,4,22.18057248,0.985450917
4,23.43164534,7,41.47458269,0.996277121
4,25.81386491,9,38.96682676,0.998324562
2,38.04128453,10,8.980989415,0.991931833
5,30.21143316,1,14.54912057,0.769388575
10,16.64468343,0,5.422657509,0.796209095
4,29.47370099,5,12.98008284,0.952475204
9,44.25160111,4,17.69452036,0.957157735
10,20.95425794,5,16.02106565,0.985809199
6,20.49877759,8,27.47454981,0.99680027
9,12.84897763,10,16.05375341,0.998988001
2,23.54776082,8,21.32617198,0.991906552
4,36.75322034,4,43.25549308,0.979207498
7,7.836180371,9,19.68733712,0.998239419
3,29.77193448,8,8.155412872,0.984516497
10,21.77106034,2,8.123153169,0.915572931
5,25.10580491,6,9.674183318,0.97380862
7,11.67253868,1,34.88182823,0.952691958
9,13.05632085,2,4.893518094,0.906331406
2,25.89327352,6,22.07530482,0.976563459
3,20.07840096,5,27.28887364,0.977931204
2,6.721953086,10,30.17154546,0.998687131
4,10.62045604,4,8.790025419,0.94248179
1,23.00368383,4,4.631534538,0.861033712
8,9.762769912,1,31.88322009,0.955628212
10,10.456522,6,23.41538478,0.995718731
9,26.12721485,3,11.45145352,0.941239762
10,26.0049962,0,33.62639479,0.926101928
8,37.94192256,10,19.94475975,0.998129733
3,20.56657887,4,18.99446679,0.947826677
7,44.27596382,10,23.66438843,0.997739357
10,16.15855016,0,27.20810618,0.922135875
2,7.944170656,9,44.21753887,0.998851896
7,37.49290107,8,9.652979713,0.989849874
7,22.294715,9,27.27599755,0.998366889
4,24.49482133,9,29.99350094,0.997505919
4,32.70088044,4,36.8356145,0.975268201
10,31.9510119,5,40.59976624,0.994516276
1,0.111810788,8,28.91576527,0.99611432
4,22.86832748,6,19.54161241,0.982621185
7,8.973461086,1,7.519552258,0.847926692
5,31.02166453,9,15.03535288,0.99439637
1,36.14692896,10,2.204258456,0.987748239
10,25.17755915,9,25.32027494,0.998680838
10,3.872015063,7,36.0380622,0.998758626
10,0.130094814,2,41.43532368,0.989532903
2,7.166585432,7,18.17085181,0.989016174
4,39.96730987,7,42.84754817,0.994872203
1,24.84762086,8,27.47378758,0.992451136
3,3.503075625,6,44.36821478,0.995967223
7,37.28220757,10,21.5923348,0.997963126
6,30.08124288,3,23.87619341,0.946416569
2,35.45381907,7,1.382751228,0.952816383
1,14.30104508,2,31.35491746,0.911957293
10,1.832135253,1,3.761454685,0.894184865
8,31.61529413,5,27.54244848,0.986767557
3,13.85770562,4,37.63885876,0.982018794
1,20.04014971,1,16.04078397,0.719967081
2,0.064228031,8,34.60818275,0.997651167
7,32.77948581,1,12.60546042,0.79290673
1,7.534319918,3,30.30406404,0.951289874
7,25.03466597,3,5.809944135,0.899360157
2,3.972763127,1,35.05673127,0.920862641
5,25.42522858,8,3.8778241,0.986505884
2,18.43352086,3,13.81710881,0.882808855
4,12.76012522,5,4.383443604,0.951507323
5,35.78244366,6,37.92265232,0.99134767
2,10.28665377,3,25.19678321,0.944419823
10,11.44871691,10,43.79331418,0.9997588
1,39.05760977,10,10.66664514,0.99088944
7,40.23820653,4,26.287467,0.965987966
10,15.35647092,1,3.499219719,0.855058083
3,5.673545316,5,2.458714932,0.949187642
1,28.97972751,9,36.36779348,0.996932439
6,40.53906446,9,19.9776134,0.995523143
7,7.390181452,8,29.55184493,0.998330464
6,19.63233991,7,12.90890452,0.989844898
1,35.11522006,9,2.615106501,0.980345102
9,4.275686408,7,37.45480323,0.998730186
5,3.205926146,6,44.63683104,0.997167074
3,34.64598831,2,31.01519797,0.895525032
10,14.69039969,10,44.03210954,0.999775025
10,20.404573,6,42.97356905,0.997997103
6,9.852051614,9,36.43039465,0.999084729
4,29.67381366,1,29.45851202,0.863111211
6,35.21216831,8,0.741358545,0.982776594
10,44.87057363,6,38.3378554,0.994889118
2,34.1711471,8,42.2705983,0.996047142
8,22.49690942,9,24.29700683,0.998336
4,29.93295391,10,19.53709104,0.99715735
9,11.61384698,8,12.67505034,0.996697344
1,16.10577196,6,21.25371567,0.97820721
5,30.97774927,3,35.99031808,0.963315047
7,30.01252875,10,18.41775931,0.998071047
7,28.16979416,4,44.99870651,0.99006367
6,15.22788841,0,35.98317135,0.911796636
5,14.11474031,7,4.521071292,0.984375989
1,11.67075735,0,4.691216217,0.523209379
3,13.05840186,0,22.49884854,0.777256531
4,15.47206512,5,6.596723126,0.954128457
5,20.8303301,10,36.42172177,0.999132604
7,9.593906123,1,43.7664412,0.970609275
10,22.00334336,5,25.04356253,0.990807524
3,20.31354576,8,17.31734462,0.992177449
2,23.58715035,3,27.65088394,0.929961055
6,17.79118622,3,19.66965808,0.949837973
3,33.5624544,9,44.05570787,0.998205313
7,16.12520111,2,6.61403205,0.879775196
4,9.287119091,4,39.14653254,0.987278431
2,8.592443273,4,18.05174945,0.950793899
1,41.70090647,2,15.51609654,0.710563488
8,31.84483699,5,27.60121567,0.986246114
4,6.808247776,0,43.84256912,0.934566896
5,25.63716216,10,2.094682908,0.994668229
9,15.4643492,0,1.157762396,0.735815927
6,40.67756213,3,8.275544858,0.860643667
4,4.810547158,9,14.36211856,0.996554761
5,0.565891679,10,18.70241395,0.998792641
6,32.6169922,0,22.6558413,0.772657816
2,0.208001648,8,5.166876098,0.989820379
8,14.86068962,1,35.8427057,0.957026695
8,15.09753011,10,3.056692908,0.997420059
9,9.432825595,4,13.899348,0.978602996
3,10.7736986,10,9.555510424,0.99654966
3,31.71625949,0,23.012631,0.694082222
1,15.44630454,1,37.14652332,0.892749288
3,39.41633536,0,19.28831904,0.604486867
2,0.103837492,2,27.18999674,0.933747468
9,9.193321733,6,31.73435529,0.996776237
4,0.152423594,1,33.68931922,0.943031552
8,15.03851485,5,1.241625811,0.966471965
4,41.64269613,9,27.20248347,0.995706573
8,25.35146448,5,11.93644156,0.974903342
1,19.85329022,4,27.30368999,0.952938234
1,19.6393897,2,20.44403486,0.843410241
9,30.40182855,9,35.39890004,0.998909845
8,2.468041558,0,34.10439437,0.946128341
4,2.036791546,6,28.86262903,0.993141022
10,3.99485378,9,8.854945022,0.998194917
7,26.89459171,7,15.11065758,0.990347742
8,27.44896926,1,6.570336483,0.792783896
1,37.96924668,10,31.32673239,0.996874022
5,25.14333671,8,34.71526456,0.99729642
9,7.328646339,10,24.528396,0.999357083
10,26.62178561,9,25.94590199,0.998732655
4,42.7968973,1,17.82569184,0.711507691
5,4.905466496,5,37.2431294,0.993244658
3,32.96767372,10,4.278695968,0.99184871
1,0.164513571,1,9.668508694,0.756815111
1,19.01807722,5,43.95137412,0.987123668
4,39.46806545,8,35.65018041,0.995623402
7,44.58342197,10,9.617219596,0.995421143
6,42.69756658,4,37.8019014,0.975827863
5,31.37172035,9,25.54968888,0.99693776
9,3.954282953,0,38.89104744,0.960608082
4,17.84379899,0,14.46242251,0.702556545
9,18.07969963,0,6.896983455,0.775327079
1,26.73149036,9,43.76159287,0.997825307
6,13.55395382,8,21.61261419,0.99646785
7,9.340589431,1,7.419142754,0.84212262
8,29.39552407,4,10.32296293,0.952678696
3,36.69319138,8,7.958163672,0.979998481
8,2.502235923,6,39.45927673,0.997848128
2,33.61641218,6,9.509103877,0.948893083
10,36.20559717,10,6.834923142,0.997362167
3,38.79722821,9,31.90973642,0.996065277
2,29.22164789,3,27.06425066,0.916372782
9,12.45134956,1,21.13952055,0.929857442
4,5.701569308,6,38.04538222,0.995383673
7,34.4879474,5,21.85805385,0.977265589
4,13.35095819,4,44.00049415,0.988573032
5,43.59303418,3,27.01655316,0.92504753
7,2.81657784,7,12.52241713,0.994117615
2,39.18422272,10,21.17101528,0.995240392
9,27.52443756,4,27.76967028,0.98303144
5,6.385241738,0,30.51589661,0.892744826
9,35.33126588,2,41.14899832,0.970956691
6,31.08872505,9,12.09935544,0.994535899
2,27.58318369,5,6.978918135,0.92010593
8,15.06807835,5,3.728381763,0.970562571
8,26.13087188,6,37.02676438,0.995684031
3,8.870338237,0,8.82052555,0.661298019
1,10.16364779,5,6.251688534,0.93643326
8,15.23283696,0,16.77155643,0.841242458
4,21.03152447,2,27.74634646,0.920792056
7,43.8922801,10,35.82169241,0.998889297
2,8.3839758,8,25.65684561,0.995133247
9,19.60367839,7,22.40764202,0.995664412
7,31.85171057,5,1.799514244,0.945387722
7,35.61707815,10,5.533969489,0.995647143
5,32.88945466,0,18.99499983,0.705974667
4,20.74359149,6,11.72127124,0.974605535
10,43.2532772,9,35.68656344,0.998676851
3,11.33852975,0,5.325776626,0.60827009
6,2.426593407,0,2.141474777,0.720907599
10,1.369497406,7,13.0410375,0.996370044
1,16.61845545,5,20.33896531,0.962267681
6,33.60152053,10,26.48400045,0.998336342
9,12.00137667,5,43.62651579,0.99683044
5,43.98040471,0,2.36569674,0.443312113
1,18.98621069,10,39.38571817,0.998670119
4,24.56060922,8,40.1297374,0.99744496
3,22.60912498,4,2.602644782,0.883008455
7,0.91275348,7,36.207197,0.99821645
4,44.25397704,5,31.31325431,0.972840797
7,28.85586045,4,37.05943295,0.985524215
6,23.52837956,5,33.40206171,0.988186109
4,33.94031426,4,26.05172747,0.955092496
1,18.31416964,8,12.34901286,0.987196284
2,9.777317187,5,29.92149884,0.982204416
4,35.57619718,3,9.720690929,0.844326773
1,39.4074854,3,0.855758806,0.672101312
3,34.22834247,3,41.10883537,0.959541091
10,9.245719927,6,39.04209925,0.998127623
6,0.227439185,5,13.38161915,0.983786247
2,9.397344845,8,0.286346957,0.984039591
2,33.87745131,4,6.840044488,0.86015916
4,15.75686133,1,8.54821086,0.753863979
9,31.09216509,2,36.40267788,0.968931341
5,42.58586161,6,33.22482623,0.987395144
9,7.020632863,2,11.6973402,0.939149409
4,1.887419141,2,31.27555696,0.957372416
2,11.78364386,1,44.4511246,0.940370113
2,16.9838327,1,21.69999751,0.814352189
3,44.47786228,7,9.606655842,0.9657765
8,33.67750205,7,36.09147311,0.99637615
9,39.0730272,2,3.025181967,0.820357401
1,23.9295393,9,13.62717504,0.991328211
7,42.8790573,6,26.22385529,0.986118711
1,20.50330219,1,20.31281052,0.759747443
8,17.79422149,1,19.7231102,0.903426101
3,6.018017361,9,37.5346883,0.998747107
6,10.36919191,10,2.169133996,0.99685646
2,39.24591495,8,43.81250796,0.995888887
3,39.74820281,7,13.07348639,0.974488169
2,22.01936301,5,35.97857539,0.983578956
3,13.0279472,2,22.45897475,0.906141576
2,40.93134845,3,45.08518521,0.952650572
7,7.291177521,4,17.51331863,0.977587154
3,14.54864119,2,36.25880419,0.948969389
3,26.49793567,3,9.46705225,0.853975422
7,24.0558112,2,6.402214667,0.855990766
4,28.04610052,7,32.47287617,0.993310613
2,31.49933408,6,43.16336904,0.99081023
1,17.93769616,8,13.90367159,0.987363442
10,36.0982727,0,7.838217407,0.727136579
1,3.307735164,4,21.16485765,0.959213564
5,12.45812485,8,36.82695129,0.998132127
9,34.52710976,8,21.493164,0.995986362
3,20.30585458,2,36.24922482,0.941047233
5,43.56030193,5,39.04377156,0.983855144
10,37.87204705,3,23.55143399,0.962125286
9,21.76065034,2,15.09665276,0.929340271
9,12.01349993,3,15.72455518,0.964819736
6,38.14723798,3,23.36853222,0.931464977
1,36.52776926,10,41.24956226,0.998148954
4,13.02470895,5,32.11352254,0.987795571
5,33.07865985,0,33.0764971,0.828620262
1,36.76288012,4,26.82685559,0.929108269
1,13.92159473,3,1.273940889,0.795336005
6,18.98494039,0,15.94159301,0.770404005
9,2.210475179,9,11.25437784,0.998327737
7,18.71498506,7,31.28769115,0.996400025
6,5.325948819,4,20.36059167,0.977157288
8,32.10624634,10,9.671341697,0.997283054
3,24.28545724,0,29.18889462,0.786666473
10,32.38429203,5,12.57763234,0.978698084
7,17.19727308,5,40.39239907,0.993832599
5,12.78726219,3,36.53014908,0.977014094
4,0.993868052,0,0.945932601,0.651888191
1,6.59696405,0,18.5970784,0.712888199
4,13.49806006,0,28.99864623,0.850336593
4,14.99353164,9,11.00572363,0.995014121
8,6.866510423,0,39.686701,0.952220694
3,43.74884325,4,32.97288549,0.952098552
7,13.66463112,5,17.97163844,0.983972262
2,1.219952393,2,32.42244598,0.948927246
7,5.345714705,0,2.511849763,0.73751354
7,21.17922961,7,39.79223942,0.997708617
3,26.81717135,8,38.98595714,0.996656603
5,3.368886248,3,19.72333976,0.958605039
6,18.00772896,2,34.2842185,0.95909334
3,29.84473829,9,19.00439427,0.994122231
10,17.27582752,3,15.98943141,0.967574899
5,38.03744067,5,21.39825072,0.96645758
2,0.946779456,10,19.15932408,0.998069472
9,44.65767573,10,13.11176862,0.997399006
5,11.44530148,10,5.294173997,0.996831768
8,7.256095463,9,21.61677999,0.998669662
5,33.72445766,8,22.82153744,0.993514263
4,17.84529813,2,27.32661187,0.925116841
9,16.17320075,0,31.66384155,0.925797853
6,20.90244819,6,21.2000252,0.988834211
10,13.90603026,10,34.64211327,0.999598734
6,41.25129871,1,21.76184593,0.809277211
4,3.987086004,4,6.721571417,0.945243568
5,39.60809825,0,7.583675637,0.534429129
5,17.0801127,6,1.920315832,0.969133228
6,1.008356773,4,25.87551419,0.984605538
1,14.7639402,2,21.41269263,0.865409092
8,14.89424267,3,17.13522486,0.959544817
7,29.71036664,1,34.18681915,0.926517799
5,13.70230387,1,27.9251602,0.909021381
2,5.555302281,6,30.66568533,0.991274397
1,7.519973438,3,11.05626301,0.88329155
4,43.51522568,8,28.01014927,0.992478634
8,36.46550493,4,17.16010276,0.959643927
4,30.91222516,9,40.57614034,0.998148852
6,10.13242466,5,9.79525908,0.97519085
2,19.87403339,7,11.06613219,0.979286349
8,37.52511514,5,25.50205397,0.982552413
4,35.87473123,3,34.23671912,0.947872522
10,41.33169388,2,27.91233155,0.946143814
1,6.395909057,8,27.63330507,0.995563305
10,14.33988144,7,35.08428507,0.998349497
4,0.189781415,8,6.947534141,0.993085639
2,1.167266439,6,24.93053678,0.989025313
10,0.948267794,8,39.05164535,0.999371863
2,3.86077733,0,26.14441037,0.821136186
9,3.766549548,5,1.506250592,0.979482944
3,23.85403976,2,7.450661634,0.775289532
8,19.86768777,5,39.4726788,0.994457667
5,14.49864247,4,31.34047468,0.981570439
7,42.23588258,8,38.5217768,0.997200838
7,24.75654726,9,41.0712426,0.999139607
10,38.57474865,2,38.53495497,0.96996516
8,37.93218496,1,28.08855718,0.894742921
3,6.079241256,4,44.16372578,0.988713045
7,27.35882937,1,5.212839574,0.757638913
10,24.05786056,3,14.84121821,0.957394413
4,12.71750445,9,15.77897478,0.996086228
5,20.55759312,5,43.5391358,0.992767093
5,11.76295962,2,0.615119243,0.814911756
5,23.68725015,3,19.3599221,0.931800503
4,10.65521439,2,32.42925452,0.949254381
2,28.72511693,1,31.17596907,0.838877647
8,27.53938823,9,33.85773916,0.998835666
3,2.154413853,0,29.92726938,0.86959437
9,30.34026516,7,9.036470918,0.989538179
2,33.56494669,7,9.708269613,0.969955859
2,1.105989563,5,28.4007789,0.984850673
9,11.23672768,3,36.89704534,0.988364226
10,3.491996788,4,29.43139278,0.992191087
7,26.58445729,9,14.09508292,0.996267334
2,21.70276826,1,14.14320868,0.727153619
3,23.21260424,7,29.8756407,0.992416
2,30.64886941,6,2.669832154,0.933914045
8,36.86958318,1,35.25181499,0.926599195
9,30.32389765,1,8.239565973,0.816990214
5,40.45956084,1,10.65875663,0.685315347
1,39.12598367,8,41.77346556,0.994735788
8,30.09511266,8,18.94915118,0.995655021
10,25.06821681,5,26.20583449,0.990664439
4,2.469444681,5,40.36023617,0.993879848
6,4.661628086,6,14.16701629,0.988423605
10,44.76886652,5,28.27693835,0.986051598
9,31.23211873,10,34.48345721,0.999350594
3,36.0019016,1,10.39278087,0.641232711
6,16.95836875,5,1.371066186,0.953359749
8,9.780619879,0,39.47307918,0.950218085
8,29.84349341,1,22.47776338,0.890701919
6,31.68434411,2,44.30984649,0.965878464
10,33.41608704,6,34.35812868,0.99529083
6,34.60055265,1,13.86043695,0.772930151
8,28.6872849,4,39.37916534,0.988017737
9,16.06496014,5,8.747485898,0.979132005
9,31.14685194,4,14.87213836,0.964181973
5,40.5865023,9,21.47972281,0.99526985
9,0.851273208,4,41.84120872,0.995512574
5,19.83255585,5,31.44638928,0.9865755
5,21.29748639,4,45.18295878,0.98875156
1,6.67235298,1,36.16649798,0.90833239
2,1.153450306,6,44.10146844,0.996012133
7,40.9527844,6,18.50637612,0.980508743
1,32.22508647,3,8.274865927,0.777609535
3,14.05436052,5,0.87433023,0.933705725
9,22.15036117,6,13.18636387,0.989024624
4,40.05340393,4,10.74729134,0.893891656
7,19.80074119,8,39.27025318,0.99854639
8,21.70232376,8,28.22895966,0.997622294
7,12.49022671,2,14.69917826,0.923664136
8,44.02353796,7,22.03007853,0.991235304
1,19.91435451,1,32.37980267,0.856200782
10,3.593291509,4,0.772957224,0.970139277
1,38.26765253,7,16.74559024,0.972150283
3,38.5217659,10,35.97931569,0.998179108
8,36.20389941,3,15.42786206,0.92780531
10,15.66574255,6,45.04337753,0.9982519
4,18.79008981,7,4.552167387,0.979662477
10,31.26859163,3,17.38894106,0.957229349
3,15.28042577,8,31.8036359,0.996561872
2,36.52132214,5,20.81397859,0.949139724
9,23.24595133,3,20.54332861,0.964378138
1,13.76217145,1,16.24026293,0.753802175
2,3.884732599,5,7.899498851,0.956060371
10,26.94395705,0,9.527634512,0.786387457
8,19.95470256,8,44.25272949,0.999065621
5,0.494603723,5,33.81225935,0.99268841
10,13.57733898,4,20.06027385,0.98464521
1,37.35006438,2,14.5080683,0.722867343
9,30.85903915,9,27.29453733,0.998473693
10,12.89425217,4,21.91061325,0.985982599
9,17.66933486,5,8.797932709,0.978814454
10,21.78614067,0,7.011850889,0.786793241
1,18.26700413,3,5.967457888,0.817221354
10,27.23439644,6,11.03900702,0.987523687
1,4.40917561,10,1.031097135,0.994092615
8,14.03267192,1,21.12702538,0.916297555
3,3.84951664,0,41.58979529,0.921282278
8,31.43754806,6,35.38288644,0.994584389
10,40.65439564,8,23.21649231,0.996349958
8,33.47399214,7,10.05321422,0.987516407
5,42.76747558,5,31.98024478,0.976865499
1,10.33100222,1,23.98811641,0.828581813
10,39.37219612,6,37.19023634,0.995592921
4,32.06519859,10,14.49567992,0.996024817
7,3.990928291,8,16.64615892,0.996835621
8,35.96638719,0,9.695955369,0.687344608
6,6.614149734,0,36.23968889,0.928806751
2,2.779428652,9,13.76602222,0.995459078
4,13.5696435,10,24.33253569,0.998450742
8,25.78681498,10,17.30159774,0.998467989
4,23.00840945,9,35.55370309,0.99820254
8,26.90636924,8,6.227936365,0.992519018
7,24.4055852,7,40.30417005,0.997418558
5,8.757214457,7,22.16747671,0.99441698
2,40.11318643,9,14.909388,0.989447307
1,15.074582,1,22.68103302,0.803564851
2,3.448819423,1,3.448046983,0.709050675
1,7.004939273,3,25.64643836,0.939760243
8,39.98283929,0,43.6655907,0.917260048
2,30.61131549,7,28.76091977,0.988407698
3,14.10040458,3,0.293210218,0.835963959
9,26.50509438,7,1.40683162,0.986066585
5,38.0965357,3,24.34447384,0.924392505
1,15.25822629,10,36.26429513,0.998695345
2,16.61594128,10,14.82177443,0.996373971
8,4.264310054,0,37.04586849,0.951742254
9,44.35777633,4,19.03783118,0.959924359
10,27.36899344,6,21.36819714,0.992801149
6,23.01029457,10,6.808461224,0.996430991
6,35.17387397,8,18.47024921,0.993297452
8,33.92137618,8,6.515282136,0.990980481
8,5.631788196,3,4.438464254,0.940518164
1,12.48546405,0,28.55233461,0.784240209
2,19.61860216,9,21.95619287,0.995454154
8,8.335917083,7,25.02265976,0.996813133
6,16.9000913,3,27.03780152,0.964141013
10,36.80964214,9,13.15052043,0.996909995
3,19.80803123,9,5.243465142,0.990855962
4,16.4707519,10,19.30735309,0.997863027
3,10.15879413,9,3.30961299,0.992042386
6,35.48775716,7,3.609182867,0.975881659
9,38.76183898,9,4.370250817,0.993681979
3,41.89179708,4,26.6993435,0.938025082
8,39.79579234,9,41.15803511,0.998873766
5,16.78066959,4,5.09301941,0.930196749
1,43.74330382,6,15.0108191,0.942679024
2,16.14091065,2,14.72490659,0.8362596
2,37.8952945,0,25.65042227,0.655974342
2,18.42476708,0,25.09487564,0.751843651
1,16.79786562,2,6.946783531,0.746428899
10,41.27628972,3,8.380578567,0.914330905
3,36.09349227,0,2.513453449,0.417977085
1,27.39233726,4,20.84276237,0.92404223
9,11.24169586,0,9.004812042,0.820016391
3,31.88312553,5,34.15443526,0.980103611
4,36.90855987,2,41.39424022,0.939184646
2,27.56324053,7,37.90873613,0.993101237
2,28.48165642,7,23.91201938,0.986627789
6,35.04228503,8,10.61002437,0.98989413
1,44.10406826,0,25.70338071,0.580704926
4,31.44097231,2,9.289840961,0.781195075
7,19.04170004,5,25.7145045,0.98763502
10,17.3268744,3,41.11653962,0.990663864
5,4.421310834,3,10.18720792,0.932725872
4,34.85334777,8,43.51256633,0.997401999
4,21.74374124,5,44.75178163,0.991870166
8,21.56855968,5,13.44897259,0.978585691
7,14.35895648,0,19.51059554,0.841610965
10,18.04630042,8,40.4160462,0.999168581
8,2.04693993,10,11.15879732,0.99871965
7,27.80572362,3,15.97175545,0.93463798
7,24.54513042,6,36.25110787,0.994667115
3,6.414815533,4,19.47534791,0.963454896
4,42.50035997,9,10.89186933,0.990142736
10,42.51083189,8,42.16692868,0.998634257
3,29.42257242,8,39.93642695,0.99659851
1,29.14131061,5,44.84735068,0.984682424
2,40.35507531,4,7.812913514,0.843814532
9,21.9533135,7,27.63508725,0.996688945
10,42.83056871,10,19.78229932,0.99844097
4,25.38797916,10,18.33886309,0.997088557
4,11.39143487,5,41.01598068,0.992546743
4,20.07092065,4,33.86131901,0.976860346
3,34.25948937,3,11.0880035,0.836779424
10,18.89523024,1,13.48064807,0.900336142
7,18.64989902,8,23.96001426,0.996744582
3,5.712670811,0,9.661667605,0.689230026
8,5.26141925,9,1.81647422,0.996628774
8,39.22658074,2,2.3349187,0.792956433
7,43.83486739,2,44.35491283,0.958982817
8,25.6874986,6,15.61620893,0.987425594
1,38.94665009,4,20.8627694,0.900499123
10,12.76718849,3,16.27633677,0.969595147
2,32.26764914,5,26.35709065,0.964616108
6,27.70817458,10,19.36128301,0.997929375
5,40.62099804,2,5.534739049,0.731564802
8,36.56591317,9,35.01987859,0.998584326
4,15.54107896,1,8.472106613,0.75682251
1,1.71995332,9,33.89058221,0.998206474
2,0.570770021,2,2.117539827,0.799757536
5,35.58834165,9,7.752485138,0.991331231
7,37.97159685,2,43.43793715,0.963089455
5,8.607531978,9,37.88884183,0.99908731
6,24.37995374,6,40.26620561,0.994791415
9,17.95497934,4,19.04033601,0.978884973
8,18.9277634,0,33.68286573,0.918850632
10,1.759400567,3,12.16091382,0.972900363
8,21.41346901,4,2.687969332,0.943485433
10,19.29960109,10,24.98679641,0.99929595
4,37.91382602,10,33.72743707,0.998263828
2,31.90522189,9,7.530583875,0.987569834
1,19.44985254,8,40.59554029,0.996635968
2,21.43221278,2,41.13789923,0.944610447
3,10.40717179,6,8.711304411,0.974662756
3,36.23044775,7,12.92346238,0.975822935
8,13.42247924,8,10.72825393,0.995499524
1,42.58559802,10,37.57021959,0.997610633
4,2.938639416,7,43.99093146,0.997994006
3,38.78425804,8,25.12855002,0.991305129
7,44.3481586,10,4.278840428,0.994266551
7,30.74677671,5,40.31503768,0.992090505
1,16.89321024,7,16.50126059,0.982844606
4,19.0698629,1,41.7033232,0.935672274
2,9.225832276,9,13.181455,0.994769848
9,44.6114579,9,6.65788054,0.993704323
8,1.270610532,10,34.32565481,0.999636446
9,32.34509144,9,28.76598565,0.998504551
3,16.46347374,5,39.9973369,0.989707308
7,41.94590967,9,20.87405028,0.996052594
8,21.82576065,4,5.937149517,0.950036739
8,25.19482149,8,36.93192901,0.998446595
6,36.08134877,6,38.37076661,0.992867733
3,22.31641469,1,35.13365453,0.895711159
5,22.40524606,6,39.07269157,0.994175975
9,41.91529891,6,23.2762631,0.988361004
4,23.83970451,7,9.079231798,0.981413275
9,20.39420272,6,32.31574511,0.995744924
4,25.72800038,8,18.17882468,0.992347004
7,10.9966084,5,30.84588656,0.992193955
3,3.235080871,2,25.51721204,0.934429038
4,33.80887451,6,39.04412487,0.991160931
6,30.67000979,1,16.08098323,0.807441145
1,12.12025641,7,27.5684544,0.991246381
7,6.627440653,10,41.94995254,0.99964342
7,43.72053806,10,9.890010294,0.995669134
1,11.99322322,0,33.02934601,0.817021076
2,20.3099314,1,0.321061911,0.575973817
4,26.35017586,7,2.78709603,0.972584229
6,10.36030833,2,28.51041877,0.956397822
5,40.64460292,0,27.25754332,0.750583175
8,24.81134924,7,22.41430328,0.99472809
9,3.821564758,10,6.773514157,0.998586567
3,7.715372443,5,2.050659073,0.946059881
2,44.24462778,8,32.77899626,0.992198611
3,17.66409049,4,6.085756992,0.90819938
2,28.80049709,6,8.351105227,0.952418747
6,16.35364826,0,10.99751044,0.738307645
2,14.9915026,0,7.597050961,0.575966173
4,30.89048619,0,34.66478663,0.826891946
3,12.83033626,0,11.60436962,0.670942233
10,44.7054649,7,29.09890485,0.995099149
4,15.28165207,3,3.243535501,0.8681129
8,17.73106987,1,35.51124444,0.953866341
4,23.02587839,0,12.82752612,0.660378362
2,36.69741075,8,4.866050724,0.974418383
9,32.70154563,4,14.37535296,0.963251738
5,34.19157444,8,38.48810194,0.99688134
4,36.21484074,2,16.11257033,0.816849925
3,24.86741025,1,43.54532982,0.925515119
4,41.40811304,5,0.513657989,0.891949146
8,22.44947533,3,0.905585364,0.900340471
5,44.74695359,4,2.046099275,0.847695784
9,44.70386341,0,43.80663662,0.918534267
5,5.807838348,8,9.156582957,0.993602546
6,5.407511602,8,6.320323005,0.993779071
2,10.38492184,3,31.72950692,0.958068625
8,16.24301916,6,42.95621025,0.997191807
4,30.21717494,7,13.49798881,0.98298246
1,28.47299778,1,42.85915437,0.887787013
2,4.095796846,7,42.08532601,0.997116024
6,40.61729673,1,5.547036775,0.659340107
10,34.58805214,2,1.221817628,0.847416014
4,32.67148896,7,35.32392229,0.993717356
8,43.26864503,6,44.16649934,0.99497275
4,33.44830475,7,28.97785903,0.99132376
8,15.92491094,8,43.24304843,0.999038778
4,44.33988956,2,23.98847602,0.844317691
2,16.87862498,3,25.69431055,0.935068534
9,6.05611249,2,38.69348196,0.983479313
4,2.286305972,6,22.13850712,0.990095197
7,28.9857272,10,7.214545652,0.996454658
3,32.53052446,5,25.03223735,0.96835614
9,30.94193862,4,4.803999456,0.943026922
10,31.3096046,4,7.10778671,0.955265811
9,9.90381627,0,30.33365636,0.932194368
9,33.973546,10,43.74469555,0.999510181
4,16.85924204,1,11.73834143,0.779364578
6,10.79187206,0,24.93144282,0.869671954
3,26.61893575,4,36.20812594,0.972573997
3,24.42553682,10,6.526055208,0.994287591
2,15.37006571,2,44.2973942,0.95856524
2,22.59964662,6,1.985745039,0.945535384
1,14.23844374,5,42.94786833,0.988301933
6,38.13011178,6,30.38935032,0.988609265
7,1.915533451,5,41.41176832,0.996241406
4,5.113829644,0,18.30220372,0.801660045
5,23.20425255,10,24.33943107,0.998384935
9,21.53478547,1,20.62376744,0.913903411
2,41.82532538,4,12.35831599,0.864318357
5,13.47616277,6,8.322455654,0.978065855
2,21.73673379,10,34.87899168,0.998510543
7,13.25147804,0,31.04278671,0.906075665
10,21.26274438,8,36.86209345,0.998888063
8,10.63459931,5,38.20137706,0.995321194
7,23.62765005,5,33.89894884,0.99094302
7,37.16284539,5,21.08278577,0.975427544
9,36.43564986,0,10.00792274,0.716463493
2,9.197443461,7,0.940564676,0.974708261
6,20.6644589,10,44.85791189,0.999468822
10,10.49322466,9,22.07902216,0.998995136
9,2.255280371,4,21.25012321,0.9875354
9,36.91209782,3,27.22099055,0.963937412
10,7.831456475,4,40.34006289,0.995082374
10,40.05743403,0,13.98476714,0.765212926
6,18.6147339,8,24.27424945,0.996503181
6,38.64159794,5,24.04549988,0.974879126
1,28.01061058,3,9.531694921,0.806390527
10,10.14459283,10,39.36604689,0.999710546
7,24.13058289,1,10.29399169,0.809858428
7,8.461798877,2,28.43439103,0.963574378
10,12.83233202,9,36.06194185,0.99946777
1,35.19634213,10,43.37004669,0.998445023
1,23.40794261,10,19.38798152,0.996196897
6,13.77683628,3,17.04123498,0.948588078
9,9.745718454,3,6.551407835,0.949258893
7,30.9968954,1,39.31493543,0.939054496
5,6.252219115,8,15.56204256,0.995192823
8,5.719692644,7,24.29377512,0.997004668
9,14.18747665,2,30.49691531,0.971161983
1,29.77760153,4,17.60443993,0.908100766
3,28.91948628,0,20.22384078,0.674365193
3,43.13612046,4,28.42834235,0.941822831
4,17.30992332,4,8.365349558,0.93054476
8,21.39442113,4,38.47766224,0.990413548
9,32.28190114,7,21.04033068,0.993978389
4,34.1413096,0,28.74435349,0.764568875
1,16.04670899,2,16.22254956,0.825615393
3,24.042057,4,17.73174479,0.939223696
1,32.94846706,8,13.32557245,0.981451864
6,12.28891087,0,15.96005444,0.798367665
10,19.51156228,8,14.16637941,0.996652529
1,13.07529322,0,2.181623767,0.482579454
2,37.88894098,4,35.11820391,0.956753328
3,27.3874032,4,5.119553181,0.880410538
6,11.84720543,1,34.46984852,0.945515109
6,12.93415975,8,43.37886836,0.998783157
7,24.90050739,1,23.97857418,0.893308841
8,13.66230881,1,29.4390985,0.945582299
4,15.14947802,9,5.522745069,0.993218996
3,41.57673953,8,15.19952749,0.984651625
6,19.62463485,0,32.62864308,0.881408923
10,5.954373384,6,0.258233117,0.987464538
10,6.304517,0,17.22966973,0.898966535
2,4.876962328,8,6.650577983,0.989463178
9,14.49397764,6,37.64990468,0.997288562
4,38.21452896,4,38.36462637,0.972451269
7,38.18249745,2,45.2009891,0.966274902
9,40.39060018,2,2.4795362,0.813426524
3,10.64915796,0,12.06934711,0.687935246
2,14.75013616,6,28.03406343,0.986913768
3,26.93923084,1,11.48275033,0.70051125
2,30.96615638,5,26.34821181,0.96539571
2,1.833460475,2,21.97513573,0.912963394
3,18.10705516,10,4.476589053,0.994589376
10,41.11930128,0,19.24355029,0.806439819
6,42.09598988,1,44.400576,0.930787096
5,17.28666973,1,11.50631867,0.799378654
8,21.04891662,8,35.19181716,0.99838223
7,9.998771606,10,18.79224482,0.998757339
2,0.033127071,7,25.05122837,0.99335734
3,41.02322245,10,10.92215013,0.993231426
10,7.219427157,2,31.08960474,0.979349537
4,32.34906321,6,2.008121553,0.948133845
8,37.73099345,6,3.027081938,0.96874997
7,8.174728721,10,5.144453244,0.997731234
4,38.74437124,1,32.18983443,0.855141691
5,18.60727186,9,39.07075973,0.998796537
4,37.32611427,0,22.1224344,0.682240818
3,35.74366535,0,35.79194454,0.794500188
4,39.19178493,7,1.067045907,0.960183961
4,16.23104618,7,0.791575576,0.975848885
3,24.10358805,2,30.29178281,0.915420595
9,16.52045759,6,20.26483325,0.993209484
2,25.25980637,8,34.85044431,0.995354823
4,21.21852298,2,8.876872889,0.818068647
5,44.25234233,2,4.940037352,0.709699618
5,36.02423528,9,45.06901187,0.998667309
1,28.13603258,7,25.03511776,0.985754531
7,1.311124874,6,36.86397797,0.997254475
2,4.802677655,7,28.51781505,0.994285706
3,22.90026037,5,27.72032575,0.976895743
8,24.7723358,2,8.787974433,0.881700373
4,24.0541105,0,16.38741448,0.693560327
2,18.43654471,10,20.14625498,0.997089966
7,43.09353208,4,22.20817827,0.955463037
2,5.308204777,10,6.004046305,0.995796536
7,32.63621599,2,15.65773586,0.879821668
4,23.99339161,0,22.82061464,0.760027834
5,10.41686359,5,25.85436542,0.986369105
7,25.61011584,1,33.41106479,0.930821847
5,18.62505909,5,6.366959594,0.958133984
7,1.997718228,1,13.99615426,0.901162052
7,44.34158469,9,12.55424991,0.993868838
8,26.47348734,2,41.83739133,0.97341732
3,36.19572646,6,15.6091496,0.96629278
6,21.81257849,6,44.91416378,0.996144109
1,10.61587734,7,23.3165506,0.989926488
3,22.08500883,1,20.70087775,0.803583433
4,29.82473486,4,22.15499826,0.951474153
8,14.54035018,0,37.30009403,0.935539936
7,15.82632171,1,36.31913713,0.951069652
7,9.611918007,1,13.73552333,0.880798254
7,27.20073893,1,5.796744458,0.759845816
1,7.783364973,2,2.392529674,0.745306383
10,4.575570227,4,25.62666768,0.990510814
2,41.32104539,10,20.79291231,0.995158766
8,4.097860064,9,20.45376245,0.998645908
6,1.505751619,6,43.497179,0.997639266
9,5.089044776,8,3.373827848,0.995260653
8,14.59329582,1,30.25270746,0.94475626
8,29.05001897,7,20.44498497,0.993611915
2,24.62004877,10,5.059425452,0.993066813
10,18.99381415,1,16.78225225,0.91554314
9,38.8789177,4,9.333874659,0.945192192
4,5.995362121,1,40.61468952,0.951421396
2,4.171511648,1,29.87695194,0.899417585
4,22.92642952,1,6.71443574,0.703064354
5,15.15167387,3,42.5398824,0.982527846
5,8.771515694,8,32.96327501,0.99798423
6,6.844487765,10,31.69056048,0.999351174
10,36.11766792,1,0.835549124,0.759292299
3,24.46499934,7,10.01718912,0.978300039
3,28.87838593,0,38.15976321,0.838368405
4,33.53217106,1,12.15273116,0.706187732
8,34.11210562,7,33.17383329,0.996012751
7,19.0079084,4,10.79500884,0.95872257
9,18.7563234,1,12.12906638,0.878564336
4,26.67534554,10,37.07413168,0.998914276
3,2.623793299,0,35.19597965,0.896815645
1,26.07999709,10,15.35424239,0.994801078
7,9.653874318,4,4.401668462,0.952521839
4,5.325176045,7,36.1011925,0.996774968
4,20.0493163,9,13.57895137,0.994778788
6,32.54833417,6,7.275826236,0.968587965
5,30.9512211,5,27.64536866,0.978998578
6,1.741480875,0,0.023574664,0.700539369
8,6.544621077,0,24.58847604,0.907156234
4,34.9429767,5,9.94134527,0.938232852
6,27.11053177,5,43.00670408,0.992584785
3,23.81169068,4,27.58516211,0.962104798
10,36.55687579,1,20.48355934,0.890248869
9,25.02428107,4,9.146502087,0.95966162
4,35.78535212,3,27.26710542,0.927776571
10,3.460414109,3,28.35456189,0.986952338
8,3.743298169,10,26.56716092,0.999384765
9,31.04257584,4,24.50719926,0.97810478
5,22.03062726,0,26.36190672,0.818670308
4,30.18103538,7,3.625438941,0.971726734
9,6.344457076,5,42.39997385,0.997082436
3,29.10193228,9,30.47206036,0.99674905
10,5.289321417,9,7.515605484,0.998171301
10,32.54767687,3,21.89830459,0.964535948
6,22.87118053,2,16.21516836,0.895040168
6,24.62994239,6,26.90316466,0.990353333
10,45.3048277,7,11.72059822,0.98904035
5,36.34630448,4,33.0880195,0.970114501
8,13.769443,6,4.837159179,0.983406072
7,33.86653886,8,37.15428528,0.997809823
9,14.57864264,3,38.72607956,0.988264348
6,9.842963361,5,13.94600762,0.9789961
3,18.06464476,4,27.39353687,0.965883317
5,23.93931098,1,23.92790917,0.864120494
4,16.37313244,3,31.72644367,0.964501406
3,41.14779395,9,42.71005288,0.997817866
7,29.17426566,7,30.11373118,0.995246005
4,33.65194339,3,10.97143337,0.859014502
7,18.74009672,0,27.93530456,0.875671289
6,26.92945116,6,25.2344303,0.98826912
9,9.680533941,8,4.971168821,0.995451747
2,25.31862528,1,6.801466879,0.625471102
3,1.174234463,3,30.585989,0.969229382
5,21.11552332,7,23.29255134,0.992742485
7,39.6514503,0,17.58210719,0.717294504
9,23.39694227,8,7.533755786,0.994056597
8,25.61763791,7,4.328965127,0.98632645
3,26.91489356,7,23.93949373,0.988716897
8,32.46710597,3,34.11426391,0.973053318
6,35.41889086,3,6.524852907,0.864474914
2,8.727096454,1,31.74475394,0.896418543
5,30.64160544,3,14.66423014,0.901215431
10,24.02219639,10,8.395936828,0.998105841
9,2.388808678,0,35.45985703,0.956054654
5,27.24302027,8,44.63818012,0.998275299
6,9.683904452,8,7.975299758,0.993490973
3,26.34399625,0,3.515952382,0.491765894
5,3.018212141,5,32.53254301,0.991485232
10,23.29228408,3,23.77794524,0.973277106
6,18.7376893,7,30.99764911,0.995680417
2,43.18738911,1,11.699743,0.576704869
5,34.0705341,3,38.03116014,0.96565526
5,42.73308024,1,31.36961221,0.854276995
4,9.455038338,1,28.44784516,0.908605661
4,34.57292658,4,5.846043791,0.881681619
1,15.98202325,7,37.15793077,0.993813415
5,3.341894879,5,21.70170621,0.985534639
2,6.968113985,6,27.31054789,0.98855688
10,31.23984079,1,4.774788774,0.809397026
4,5.083894034,10,37.93667022,0.999387984
6,1.880357662,5,12.29395411,0.982185708
9,24.66750484,2,25.40977689,0.954043628
1,36.77702516,1,12.52244801,0.589581069
6,4.682268846,10,39.9937558,0.99954247
6,40.36463562,5,39.14489215,0.987724584
4,0.915253314,7,20.71458313,0.994252033
8,24.01646571,0,9.851904696,0.750294097
4,23.30739921,8,10.92693364,0.989419446
6,27.73437721,7,29.38461549,0.99427847
8,2.875722201,3,11.79596108,0.962560401
8,12.02049528,2,38.47780212,0.978033541
7,43.41076124,7,34.01927146,0.994065813
5,2.196745083,5,27.55540292,0.990080066
7,10.16635879,10,7.422737444,0.997998583
10,25.89722778,8,26.98760274,0.997938139
